<?xml version="1.0" encoding="UTF-8"?>
<addon id="plugin.video.tb" version="1.0.9" name="[COLOR cyan]TB[/COLOR]" provider-name="IDK">
  <requires>
    <import addon="script.module.requests" version="2.18.4"/>
    <import addon="script.module.beautifulsoup4" version="4.5.0"/>
    <import addon="inputstream.adaptive" />
    <import addon="script.module.pyamf"  />
    <import addon="script.module.routing"/>
    <!-- <import addon="script.module.js2py"  /> -->
    <import addon="script.module.future"/>
    <import addon="script.module.inputstreamhelper"/>
  </requires>
  <extension point="xbmc.python.pluginsource" library="addon.py">
    <provides>video</provides>
  </extension>
  <extension point="xbmc.service" library="service.py"/>
  <extension point="xbmc.addon.metadata">
    <summary>[COLOR red]TV[/COLOR]</summary>
    <!-- <description>Watch Free TV inside KODI.</description> -->
    <disclaimer>All channels are freely avalible on WWW</disclaimer>
    <assets>
      <icon>icon.jpg</icon>
    </assets>
  </extension>
</addon>