{
    "UK4seven": {
        "name": "4seven",
        "logo": "https://rocktalk.net/tv/images/channel_imgs/201217101744477.jpeg",
        "tvg-id": "",
        "country": "UK",
        "sources": {},
        "disabled": false
    },
    "UK5usa": {
        "name": "5usa",
        "logo": "https://rocktalk.net/tv/images/channel_imgs/2012171018385usa.jpg",
        "tvg-id": "",
        "country": "UK",
        "sources": {},
        "disabled": false
    },
    "UKAlibi": {
        "name": "Alibi",
        "logo": "https://rocktalk.net/tv/images/channel_imgs/160116113611li.png",
        "tvg-id": "",
        "country": "UK",
        "sources": {},
        "disabled": false
    },
    "UKAMC.": {
        "name": "AMC.",
        "logo": "https://rocktalk.net/tv/images/channel_imgs/201217101152amc.png",
        "tvg-id": "",
        "country": "UK",
        "sources": {},
        "disabled": false
    },
    "UKAnimalPlanet": {
        "name": "Animal Planet",
        "logo": "https://rocktalk.net/tv/images/channel_imgs/160116113807animal.PNG",
        "tvg-id": "",
        "country": "UK",
        "sources": {},
        "disabled": false
    },
    "UKAttheraces": {
        "name": "At the races",
        "logo": "https://rocktalk.net/tv/images/channel_imgs/160116114320at.jpg",
        "tvg-id": "",
        "country": "UK",
        "sources": {},
        "disabled": false
    },
    "UKBBCEntertainment": {
        "name": "BBC Entertainment",
        "logo": "https://rocktalk.net/tv/images/channel_imgs/070216060150bbc_entertainment_logo.jpg",
        "tvg-id": "",
        "country": "UK",
        "sources": {},
        "disabled": false
    },
    "UKBBCFour": {
        "name": "BBC Four",
        "logo": "https://rocktalk.net/tv/images/channel_imgs/160116114416bb.gif",
        "tvg-id": "",
        "country": "UK",
        "sources": {},
        "disabled": false
    },
    "UKBBCNews": {
        "name": "BBC News",
        "logo": "https://rocktalk.net/tv/images/channel_imgs/160116114840bbcnew.jpg",
        "tvg-id": "",
        "country": "UK",
        "sources": {},
        "disabled": false
    },
    "UKBBCOne": {
        "name": "BBC One",
        "logo": "https://rocktalk.net/tv/images/channel_imgs/160116114707bbc1.jpg",
        "tvg-id": "",
        "country": "UK",
        "sources": {},
        "disabled": false
    },
    "UKBBCTwo": {
        "name": "BBC Two",
        "logo": "https://rocktalk.net/tv/images/channel_imgs/160116114814bbc2.png",
        "tvg-id": "",
        "country": "UK",
        "sources": {},
        "disabled": false
    },
    "UKBloomberg": {
        "name": "Bloomberg",
        "logo": "https://rocktalk.net/tv/images/channel_imgs/160116115318bl.jpg",
        "tvg-id": "",
        "country": "UK",
        "sources": {},
        "disabled": false
    },
    "UKBoxNation": {
        "name": "Box Nation",
        "logo": "https://rocktalk.net/tv/images/channel_imgs/160116115340box.jpg",
        "tvg-id": "",
        "country": "UK",
        "sources": {},
        "disabled": false
    },
    "UKBtsport1": {
        "name": "Bt sport 1",
        "logo": "https://rocktalk.net/tv/images/channel_imgs/160116115523bt1.jpg",
        "tvg-id": "",
        "country": "UK",
        "sources": {},
        "disabled": false
    },
    "UKBtsport2": {
        "name": "Bt sport 2",
        "logo": "https://rocktalk.net/tv/images/channel_imgs/160116115549bt2.jpg",
        "tvg-id": "",
        "country": "UK",
        "sources": {},
        "disabled": false
    },
    "UKBTsport3": {
        "name": "BT sport 3",
        "logo": "https://rocktalk.net/tv/images/channel_imgs/270916013607bt3.png",
        "tvg-id": "",
        "country": "UK",
        "sources": {},
        "disabled": false
    },
    "UKBTSportboxoffice": {
        "name": "BT Sport box office",
        "logo": "https://rocktalk.net/tv/images/channel_imgs/101219032704box.jpg",
        "tvg-id": "",
        "country": "UK",
        "sources": {},
        "disabled": false
    },
    "UKBTSportESPN": {
        "name": "BT Sport ESPN",
        "logo": "https://rocktalk.net/tv/images/channel_imgs/130216115545BT-Sport-ESPN.png",
        "tvg-id": "",
        "country": "UK",
        "sources": {},
        "disabled": false
    },
    "UKCartoonNetwork": {
        "name": "Cartoon Network",
        "logo": "https://rocktalk.net/tv/images/channel_imgs/160116115659cn.png",
        "tvg-id": "",
        "country": "UK",
        "sources": {},
        "disabled": false
    },
    "UKCBBC": {
        "name": "CBBC",
        "logo": "https://rocktalk.net/tv/images/channel_imgs/080218021823cb.png",
        "tvg-id": "",
        "country": "UK",
        "sources": {},
        "disabled": false
    },
    "UKCbeebies": {
        "name": "Cbeebies",
        "logo": "https://rocktalk.net/tv/images/channel_imgs/201217101342cbee.png",
        "tvg-id": "",
        "country": "UK",
        "sources": {},
        "disabled": false
    },
    "UKCBSAction": {
        "name": "CBS Action",
        "logo": "https://rocktalk.net/tv/images/channel_imgs/160116115815cbsac.gif",
        "tvg-id": "",
        "country": "UK",
        "sources": {},
        "disabled": false
    },
    "UKCBSDrama": {
        "name": "CBS Drama",
        "logo": "https://rocktalk.net/tv/images/channel_imgs/160116115841cbsd.jpg",
        "tvg-id": "",
        "country": "UK",
        "sources": {},
        "disabled": false
    },
    "UKCBSReality": {
        "name": "CBS Reality",
        "logo": "https://rocktalk.net/tv/images/channel_imgs/160116115930cbsr.jpg",
        "tvg-id": "",
        "country": "UK",
        "sources": {},
        "disabled": false
    },
    "UKCeltictv": {
        "name": "Celtic tv",
        "logo": "https://rocktalk.net/tv/images/channel_imgs/250118032637cel.png",
        "tvg-id": "",
        "country": "UK",
        "sources": {},
        "disabled": false
    },
    "UKChallenge": {
        "name": "Challenge",
        "logo": "https://rocktalk.net/tv/images/channel_imgs/250118040131chal.png",
        "tvg-id": "",
        "country": "UK",
        "sources": {},
        "disabled": false
    },
    "UKChannel4": {
        "name": "Channel 4",
        "logo": "https://rocktalk.net/tv/images/channel_imgs/160116120342ch44.jpg",
        "tvg-id": "",
        "country": "UK",
        "sources": {},
        "disabled": false
    },
    "UKChannel5": {
        "name": "Channel 5",
        "logo": "https://rocktalk.net/tv/images/channel_imgs/29091604580355.jpg",
        "tvg-id": "",
        "country": "UK",
        "sources": {},
        "disabled": false
    },
    "UKComedyCentral": {
        "name": "Comedy Central",
        "logo": "https://rocktalk.net/tv/images/channel_imgs/160116011001comedy.png",
        "tvg-id": "",
        "country": "UK",
        "sources": {},
        "disabled": false
    },
    "UKComedycentralextra": {
        "name": "Comedy central extra",
        "logo": "https://rocktalk.net/tv/images/channel_imgs/250118040645cooo.png",
        "tvg-id": "",
        "country": "UK",
        "sources": {},
        "disabled": false
    },
    "UKCrimeinvestigation": {
        "name": "Crime investigation",
        "logo": "https://rocktalk.net/tv/images/channel_imgs/250118033123crim.png",
        "tvg-id": "",
        "country": "UK",
        "sources": {},
        "disabled": false
    },
    "UKDave": {
        "name": "Dave",
        "logo": "https://rocktalk.net/tv/images/channel_imgs/160116011221dave.jpg",
        "tvg-id": "",
        "country": "UK",
        "sources": {},
        "disabled": false
    },
    "UKDiscovery": {
        "name": "Discovery",
        "logo": "https://rocktalk.net/tv/images/channel_imgs/160116011400disc.jpg",
        "tvg-id": "",
        "country": "UK",
        "sources": {},
        "disabled": false
    },
    "UKDiscoveryHistory": {
        "name": "Discovery History",
        "logo": "https://rocktalk.net/tv/images/channel_imgs/160116011615disht.jpg",
        "tvg-id": "",
        "country": "UK",
        "sources": {},
        "disabled": false
    },
    "UKDiscoveryScience": {
        "name": "Discovery Science",
        "logo": "https://rocktalk.net/tv/images/channel_imgs/160116011644dissc.png",
        "tvg-id": "",
        "country": "UK",
        "sources": {},
        "disabled": false
    },
    "UKDiscoveryShed": {
        "name": "Discovery Shed",
        "logo": "https://rocktalk.net/tv/images/channel_imgs/070216081748150px-Discovery_Shed.png",
        "tvg-id": "",
        "country": "UK",
        "sources": {},
        "disabled": false
    },
    "UKDiscoveryTurbo": {
        "name": "Discovery Turbo",
        "logo": "https://rocktalk.net/tv/images/channel_imgs/070216081612turb.jpg",
        "tvg-id": "",
        "country": "UK",
        "sources": {},
        "disabled": false
    },
    "UKDisney": {
        "name": "Disney",
        "logo": "https://rocktalk.net/tv/images/channel_imgs/160116012005disnep.jpg",
        "tvg-id": "",
        "country": "UK",
        "sources": {},
        "disabled": false
    },
    "UKDisneyJunior": {
        "name": "Disney Junior",
        "logo": "https://rocktalk.net/tv/images/channel_imgs/160116014600disj.jpg",
        "tvg-id": "",
        "country": "UK",
        "sources": {},
        "disabled": false
    },
    "UKDisneyXD": {
        "name": "Disney XD",
        "logo": "https://rocktalk.net/tv/images/channel_imgs/070216061240disneyxd.png",
        "tvg-id": "",
        "country": "UK",
        "sources": {},
        "disabled": false
    },
    "UKDmax": {
        "name": "Dmax",
        "logo": "https://rocktalk.net/tv/images/channel_imgs/160116014633dmax.png",
        "tvg-id": "",
        "country": "UK",
        "sources": {},
        "disabled": false
    },
    "UKDrama": {
        "name": "Drama",
        "logo": "https://rocktalk.net/tv/images/channel_imgs/160116014708drama.jpg",
        "tvg-id": "",
        "country": "UK",
        "sources": {},
        "disabled": false
    },
    "UKE": {
        "name": "E",
        "logo": "https://rocktalk.net/tv/images/channel_imgs/160116014852en.png",
        "tvg-id": "",
        "country": "UK",
        "sources": {},
        "disabled": false
    },
    "UKE4": {
        "name": "E4",
        "logo": "https://rocktalk.net/tv/images/channel_imgs/160116014921e4.jpg",
        "tvg-id": "",
        "country": "UK",
        "sources": {},
        "disabled": false
    },
    "UKEden": {
        "name": "Eden",
        "logo": "https://rocktalk.net/tv/images/channel_imgs/250118040738eden.png",
        "tvg-id": "",
        "country": "UK",
        "sources": {},
        "disabled": false
    },
    "UKEirSport1": {
        "name": "Eir Sport 1",
        "logo": "https://rocktalk.net/tv/images/channel_imgs/08021812035411.png",
        "tvg-id": "",
        "country": "UK",
        "sources": {},
        "disabled": false
    },
    "UKEirSport2": {
        "name": "Eir Sport 2",
        "logo": "https://rocktalk.net/tv/images/channel_imgs/080218120530Eir_Sport_2.png",
        "tvg-id": "",
        "country": "UK",
        "sources": {},
        "disabled": false
    },
    "UKEuroSport": {
        "name": "Euro Sport",
        "logo": "https://rocktalk.net/tv/images/channel_imgs/190116044352euro.png",
        "tvg-id": "",
        "country": "UK",
        "sources": {},
        "disabled": false
    },
    "UKEuroSport2": {
        "name": "Euro Sport 2",
        "logo": "https://rocktalk.net/tv/images/channel_imgs/190116044416euro2.jpg",
        "tvg-id": "",
        "country": "UK",
        "sources": {},
        "disabled": false
    },
    "UKFilm4": {
        "name": "Film 4",
        "logo": "https://rocktalk.net/tv/images/channel_imgs/190116044643film.png",
        "tvg-id": "",
        "country": "UK",
        "sources": {},
        "disabled": false
    },
    "UKFoodNetwork": {
        "name": "Food Network",
        "logo": "https://rocktalk.net/tv/images/channel_imgs/190116044823food.jpg",
        "tvg-id": "",
        "country": "UK",
        "sources": {},
        "disabled": false
    },
    "UKFoxUK": {
        "name": "Fox UK",
        "logo": "https://rocktalk.net/tv/images/channel_imgs/290616022614fox.jpg",
        "tvg-id": "",
        "country": "UK",
        "sources": {},
        "disabled": false
    },
    "UKH2.": {
        "name": "H2.",
        "logo": "https://rocktalk.net/tv/images/channel_imgs/220518012211h2.jpg",
        "tvg-id": "",
        "country": "UK",
        "sources": {},
        "disabled": false
    },
    "UKHistory": {
        "name": "History",
        "logo": "https://rocktalk.net/tv/images/channel_imgs/190116045928his.jpg",
        "tvg-id": "",
        "country": "UK",
        "sources": {},
        "disabled": false
    },
    "UKHome": {
        "name": "Home",
        "logo": "https://rocktalk.net/tv/images/channel_imgs/250118040028home..png",
        "tvg-id": "",
        "country": "UK",
        "sources": {},
        "disabled": false
    },
    "UKHorrorchannel": {
        "name": "Horror channel",
        "logo": "https://rocktalk.net/tv/images/channel_imgs/140518055514horror.png",
        "tvg-id": "",
        "country": "UK",
        "sources": {},
        "disabled": false
    },
    "UKInvestigationdiscovery..": {
        "name": "Investigation discovery..",
        "logo": "https://rocktalk.net/tv/images/channel_imgs/070216060719idd.png",
        "tvg-id": "",
        "country": "UK",
        "sources": {},
        "disabled": false
    },
    "UKITV": {
        "name": "ITV",
        "logo": "https://rocktalk.net/tv/images/channel_imgs/190116050342itv.png",
        "tvg-id": "",
        "country": "UK",
        "sources": {},
        "disabled": false
    },
    "UKITVBe.": {
        "name": "ITV Be.",
        "logo": "https://rocktalk.net/tv/images/channel_imgs/260218122347be.png",
        "tvg-id": "",
        "country": "UK",
        "sources": {},
        "disabled": false
    },
    "UKITV2": {
        "name": "ITV2",
        "logo": "https://rocktalk.net/tv/images/channel_imgs/190116050434itv2.jpg",
        "tvg-id": "",
        "country": "UK",
        "sources": {},
        "disabled": false
    },
    "UKITV3": {
        "name": "ITV3",
        "logo": "https://rocktalk.net/tv/images/channel_imgs/190116050519itv3.jpg",
        "tvg-id": "",
        "country": "UK",
        "sources": {},
        "disabled": false
    },
    "UKITV4": {
        "name": "ITV4",
        "logo": "https://rocktalk.net/tv/images/channel_imgs/200116012425itv4.jpg",
        "tvg-id": "",
        "country": "UK",
        "sources": {},
        "disabled": false
    },
    "UKKerrang": {
        "name": "Kerrang",
        "logo": "https://rocktalk.net/tv/images/channel_imgs/250118040832kerrang.png",
        "tvg-id": "",
        "country": "UK",
        "sources": {},
        "disabled": false
    },
    "UKLFCTV": {
        "name": "LFC TV",
        "logo": "https://rocktalk.net/tv/images/channel_imgs/200116013110lfc.jpg",
        "tvg-id": "",
        "country": "UK",
        "sources": {},
        "disabled": false
    },
    "UKLifetimeUK": {
        "name": "Lifetime UK",
        "logo": "https://rocktalk.net/tv/images/channel_imgs/290616023408lifetim.jpg",
        "tvg-id": "",
        "country": "UK",
        "sources": {},
        "disabled": false
    },
    "UKMore4": {
        "name": "More4",
        "logo": "https://rocktalk.net/tv/images/channel_imgs/201217101617more4.jpeg",
        "tvg-id": "",
        "country": "UK",
        "sources": {},
        "disabled": false
    },
    "UKMTV": {
        "name": "MTV",
        "logo": "https://rocktalk.net/tv/images/channel_imgs/200116013341mtv.jpg",
        "tvg-id": "",
        "country": "UK",
        "sources": {},
        "disabled": false
    },
    "UKMTVClassic": {
        "name": "MTV Classic",
        "logo": "https://rocktalk.net/tv/images/channel_imgs/200116013404mtvclas.png",
        "tvg-id": "",
        "country": "UK",
        "sources": {},
        "disabled": false
    },
    "UKMTVDance": {
        "name": "MTV Dance",
        "logo": "https://rocktalk.net/tv/images/channel_imgs/290616023145mtvd.png",
        "tvg-id": "",
        "country": "UK",
        "sources": {},
        "disabled": false
    },
    "UKMTVHits": {
        "name": "MTV Hits",
        "logo": "https://rocktalk.net/tv/images/channel_imgs/200116013431mtvhits.png",
        "tvg-id": "",
        "country": "UK",
        "sources": {},
        "disabled": false
    },
    "UKMTVlive": {
        "name": "MTV live",
        "logo": "https://rocktalk.net/tv/images/channel_imgs/250118040316mtv.png",
        "tvg-id": "",
        "country": "UK",
        "sources": {},
        "disabled": false
    },
    "UKMTVRocks": {
        "name": "MTV Rocks",
        "logo": "https://rocktalk.net/tv/images/channel_imgs/290616023224mtvr.png",
        "tvg-id": "",
        "country": "UK",
        "sources": {},
        "disabled": false
    },
    "UKMUTV": {
        "name": "MU TV",
        "logo": "https://rocktalk.net/tv/images/channel_imgs/200116020618mutv.gif",
        "tvg-id": "",
        "country": "UK",
        "sources": {},
        "disabled": false
    },
    "UKNatGeo": {
        "name": "Nat Geo",
        "logo": "https://rocktalk.net/tv/images/channel_imgs/200116020643natgeo.jpg",
        "tvg-id": "",
        "country": "UK",
        "sources": {},
        "disabled": false
    },
    "UKNatGeoWild": {
        "name": "Nat Geo Wild",
        "logo": "https://rocktalk.net/tv/images/channel_imgs/200116020726wild.jpg",
        "tvg-id": "",
        "country": "UK",
        "sources": {},
        "disabled": false
    },
    "UKNick": {
        "name": "Nick",
        "logo": "https://rocktalk.net/tv/images/channel_imgs/200116021059nick.png",
        "tvg-id": "",
        "country": "UK",
        "sources": {},
        "disabled": false
    },
    "UKNickjr.": {
        "name": "Nick jr.",
        "logo": "https://rocktalk.net/tv/images/channel_imgs/250118040447nickjr.jpg",
        "tvg-id": "",
        "country": "UK",
        "sources": {},
        "disabled": false
    },
    "UKNickjr.too": {
        "name": "Nick jr.too",
        "logo": "https://rocktalk.net/tv/images/channel_imgs/250118040355jr.png",
        "tvg-id": "",
        "country": "UK",
        "sources": {},
        "disabled": false
    },
    "UKNickToons": {
        "name": "Nick Toons",
        "logo": "https://rocktalk.net/tv/images/channel_imgs/200116021120nicktoons.png",
        "tvg-id": "",
        "country": "UK",
        "sources": {},
        "disabled": false
    },
    "UKPick": {
        "name": "Pick",
        "logo": "https://rocktalk.net/tv/images/channel_imgs/250118040926pick.jpg",
        "tvg-id": "",
        "country": "UK",
        "sources": {},
        "disabled": false
    },
    "UKPremierSports": {
        "name": "Premier Sports",
        "logo": "https://rocktalk.net/tv/images/channel_imgs/210818123014prem1.jpg",
        "tvg-id": "",
        "country": "UK",
        "sources": {},
        "disabled": false
    },
    "UKQuest": {
        "name": "Quest",
        "logo": "https://rocktalk.net/tv/images/channel_imgs/200116035140quest.jpg",
        "tvg-id": "",
        "country": "UK",
        "sources": {},
        "disabled": false
    },
    "UKRacingUK": {
        "name": "Racing UK",
        "logo": "https://rocktalk.net/tv/images/channel_imgs/200116035209racing.png",
        "tvg-id": "",
        "country": "UK",
        "sources": {},
        "disabled": false
    },
    "UKRangersTv": {
        "name": "Rangers Tv",
        "logo": "https://rocktalk.net/tv/images/channel_imgs/270118112242rang.png",
        "tvg-id": "",
        "country": "UK",
        "sources": {},
        "disabled": false
    },
    "UKReally": {
        "name": "Really",
        "logo": "https://rocktalk.net/tv/images/channel_imgs/250118035844really.png",
        "tvg-id": "",
        "country": "UK",
        "sources": {},
        "disabled": false
    },
    "UKRTEOne": {
        "name": "RTE One",
        "logo": "https://rocktalk.net/tv/images/channel_imgs/200116035234rteo.jpg",
        "tvg-id": "",
        "country": "UK",
        "sources": {},
        "disabled": false
    },
    "UKRTETwo": {
        "name": "RTE Two",
        "logo": "https://rocktalk.net/tv/images/channel_imgs/200116035301rte2.jpg",
        "tvg-id": "",
        "country": "UK",
        "sources": {},
        "disabled": false
    },
    "UKSky1": {
        "name": "Sky 1",
        "logo": "https://rocktalk.net/tv/images/channel_imgs/200116040021sky1.jpg",
        "tvg-id": "",
        "country": "UK",
        "sources": {},
        "disabled": false
    },
    "UKSky2": {
        "name": "Sky 2",
        "logo": "https://rocktalk.net/tv/images/channel_imgs/200116040045sky2.png",
        "tvg-id": "",
        "country": "UK",
        "sources": {},
        "disabled": false
    },
    "UKSkyArts": {
        "name": "Sky Arts",
        "logo": "https://rocktalk.net/tv/images/channel_imgs/310318055900arts.png",
        "tvg-id": "",
        "country": "UK",
        "sources": {},
        "disabled": false
    },
    "UKSkyAtlantic": {
        "name": "Sky Atlantic",
        "logo": "https://rocktalk.net/tv/images/channel_imgs/200116040143sky anta.jpg",
        "tvg-id": "",
        "country": "UK",
        "sources": {},
        "disabled": false
    },
    "UKSkyBoxOffice": {
        "name": "Sky Box Office",
        "logo": "https://rocktalk.net/tv/images/channel_imgs/270216070800boxx.png",
        "tvg-id": "",
        "country": "UK",
        "sources": {},
        "disabled": false
    },
    "UKSkyCinemaAction": {
        "name": "Sky Cinema Action",
        "logo": "https://rocktalk.net/tv/images/channel_imgs/310318054903action.png",
        "tvg-id": "",
        "country": "UK",
        "sources": {},
        "disabled": false
    },
    "UKSkyCinemaComedy": {
        "name": "Sky Cinema Comedy",
        "logo": "https://rocktalk.net/tv/images/channel_imgs/310318054958comedy.png",
        "tvg-id": "",
        "country": "UK",
        "sources": {},
        "disabled": false
    },
    "UKSkyCinemaCrime&Thriller": {
        "name": "Sky Cinema Crime & Thriller",
        "logo": "https://rocktalk.net/tv/images/channel_imgs/310318055056crime.png",
        "tvg-id": "",
        "country": "UK",
        "sources": {},
        "disabled": false
    },
    "UKSkyCinemaDisney": {
        "name": "Sky Cinema Disney",
        "logo": "https://rocktalk.net/tv/images/channel_imgs/310318055127disney.png",
        "tvg-id": "",
        "country": "UK",
        "sources": {},
        "disabled": false
    },
    "UKSkyCinemaDrama": {
        "name": "Sky Cinema Drama",
        "logo": "https://rocktalk.net/tv/images/channel_imgs/310318055157drama.png",
        "tvg-id": "",
        "country": "UK",
        "sources": {},
        "disabled": false
    },
    "UKSkyCinemaFamily": {
        "name": "Sky Cinema Family",
        "logo": "https://rocktalk.net/tv/images/channel_imgs/310318055225family.png",
        "tvg-id": "",
        "country": "UK",
        "sources": {},
        "disabled": false
    },
    "UKSkyCinemaGreats": {
        "name": "Sky Cinema Greats",
        "logo": "https://rocktalk.net/tv/images/channel_imgs/310318060135greats.png",
        "tvg-id": "",
        "country": "UK",
        "sources": {},
        "disabled": false
    },
    "UKSkyCinemaHits": {
        "name": "Sky Cinema Hits",
        "logo": "https://rocktalk.net/tv/images/channel_imgs/310318053832skyc.png",
        "tvg-id": "",
        "country": "UK",
        "sources": {},
        "disabled": false
    },
    "UKSkyCinemaPremiere": {
        "name": "Sky Cinema Premiere",
        "logo": "https://rocktalk.net/tv/images/channel_imgs/310318055322prem.png",
        "tvg-id": "",
        "country": "UK",
        "sources": {},
        "disabled": false
    },
    "UKSkyCinemaScifi&Horror": {
        "name": "Sky Cinema Scifi & Horror",
        "logo": "https://rocktalk.net/tv/images/channel_imgs/310318055355scifi.png",
        "tvg-id": "",
        "country": "UK",
        "sources": {},
        "disabled": false
    },
    "UKSkyCinemaSelect": {
        "name": "Sky Cinema Select",
        "logo": "https://rocktalk.net/tv/images/channel_imgs/310318055428select.png",
        "tvg-id": "",
        "country": "UK",
        "sources": {},
        "disabled": false
    },
    "UKSkyNews": {
        "name": "Sky News",
        "logo": "https://rocktalk.net/tv/images/channel_imgs/200116041019skynews.jpg",
        "tvg-id": "",
        "country": "UK",
        "sources": {},
        "disabled": false
    },
    "UKSkySportsArena": {
        "name": "Sky Sports Arena",
        "logo": "https://rocktalk.net/tv/images/channel_imgs/270717102912arena1.jpeg",
        "tvg-id": "",
        "country": "UK",
        "sources": {},
        "disabled": false
    },
    "UKSkySportsCricket": {
        "name": "Sky Sports Cricket",
        "logo": "https://rocktalk.net/tv/images/channel_imgs/200717080620skycric.jpeg",
        "tvg-id": "",
        "country": "UK",
        "sources": {},
        "disabled": false
    },
    "UKSkySportsF1": {
        "name": "Sky Sports F1",
        "logo": "https://rocktalk.net/tv/images/channel_imgs/200717081443f12.jpeg",
        "tvg-id": "",
        "country": "UK",
        "sources": {},
        "disabled": false
    },
    "UKSkySportsFootball": {
        "name": "Sky Sports Football",
        "logo": "https://rocktalk.net/tv/images/channel_imgs/270717102848foot1.jpeg",
        "tvg-id": "",
        "country": "UK",
        "sources": {},
        "disabled": false
    },
    "UKSkySportsMainEvent": {
        "name": "Sky Sports Main Event",
        "logo": "https://rocktalk.net/tv/images/channel_imgs/200717080757main1.jpeg",
        "tvg-id": "",
        "country": "UK",
        "sources": {},
        "disabled": false
    },
    "UKSkySportsMix": {
        "name": "Sky Sports Mix",
        "logo": "https://rocktalk.net/tv/images/channel_imgs/200717081554mix2.jpeg",
        "tvg-id": "",
        "country": "UK",
        "sources": {},
        "disabled": false
    },
    "UKSkySportsNews": {
        "name": "Sky Sports News",
        "logo": "https://rocktalk.net/tv/images/channel_imgs/200717081653news1.jpeg",
        "tvg-id": "",
        "country": "UK",
        "sources": {},
        "disabled": false
    },
    "UKSkySportsNFL": {
        "name": "Sky Sports NFL",
        "logo": "https://rocktalk.net/tv/images/channel_imgs/020321091841nflll.png",
        "tvg-id": "",
        "country": "UK",
        "sources": {},
        "disabled": false
    },
    "UKSkySportsPremierLeague": {
        "name": "Sky Sports Premier League",
        "logo": "https://rocktalk.net/tv/images/channel_imgs/200717081219pl2.jpeg",
        "tvg-id": "",
        "country": "UK",
        "sources": {},
        "disabled": false
    },
    "UKSkySportsTheOpen": {
        "name": "Sky Sports The Open",
        "logo": "https://rocktalk.net/tv/images/channel_imgs/200717081052open2.jpeg",
        "tvg-id": "",
        "country": "UK",
        "sources": {},
        "disabled": false
    },
    "UKSony": {
        "name": "Sony",
        "logo": "https://rocktalk.net/tv/images/channel_imgs/290616022720sony.png",
        "tvg-id": "",
        "country": "UK",
        "sources": {},
        "disabled": false
    },
    "UKSpikeUK": {
        "name": "Spike UK",
        "logo": "https://rocktalk.net/tv/images/channel_imgs/290616022506spike.jpg",
        "tvg-id": "",
        "country": "UK",
        "sources": {},
        "disabled": false
    },
    "UKSyfy-": {
        "name": "Syfy-",
        "logo": "https://rocktalk.net/tv/images/channel_imgs/201217101035syfy.png",
        "tvg-id": "",
        "country": "UK",
        "sources": {},
        "disabled": false
    },
    "UKTCM": {
        "name": "TCM",
        "logo": "https://rocktalk.net/tv/images/channel_imgs/290616022825tcm.png",
        "tvg-id": "",
        "country": "UK",
        "sources": {},
        "disabled": false
    },
    "UKTLC": {
        "name": "TLC",
        "logo": "https://rocktalk.net/tv/images/channel_imgs/290616022325tlc.jpg",
        "tvg-id": "",
        "country": "UK",
        "sources": {},
        "disabled": false
    },
    "UKTNT..": {
        "name": "TNT..",
        "logo": "https://rocktalk.net/tv/images/channel_imgs/201217101251tntt.png",
        "tvg-id": "",
        "country": "UK",
        "sources": {},
        "disabled": false
    },
    "UKTrueMovies": {
        "name": "True Movies",
        "logo": "https://rocktalk.net/tv/images/channel_imgs/310318055557true.png",
        "tvg-id": "",
        "country": "UK",
        "sources": {},
        "disabled": false
    },
    "UKUFCFightPass": {
        "name": "UFC Fight Pass",
        "logo": "https://rocktalk.net/tv/images/channel_imgs/310818013311ufff.jpeg",
        "tvg-id": "",
        "country": "UK",
        "sources": {},
        "disabled": false
    },
    "UKUKGold": {
        "name": "UK Gold",
        "logo": "https://rocktalk.net/tv/images/channel_imgs/200116043416gold.jpg",
        "tvg-id": "",
        "country": "UK",
        "sources": {},
        "disabled": false
    },
    "UKVH1": {
        "name": "VH1",
        "logo": "https://rocktalk.net/tv/images/channel_imgs/200116043534vh1.png",
        "tvg-id": "",
        "country": "UK",
        "sources": {},
        "disabled": false
    },
    "UKVH1..": {
        "name": "VH1..",
        "logo": "https://rocktalk.net/tv/images/channel_imgs/250118033225vh1.jpg",
        "tvg-id": "",
        "country": "UK",
        "sources": {},
        "disabled": false
    },
    "UKViceland.": {
        "name": "Viceland.",
        "logo": "https://rocktalk.net/tv/images/channel_imgs/250118040532vice.jpg",
        "tvg-id": "",
        "country": "UK",
        "sources": {},
        "disabled": false
    }
}