{
    "USABC": {
        "sources": {
            "123tv": {
                "name": "123tv.live",
                "module": "123TV",
                "channel": "abc",
                "disabled": false
            }
        }
    },
    "USAdultSwim": {
        "sources": {
            "123tv": {
                "name": "123tv.live",
                "module": "123TV",
                "channel": "adult-swim",
                "disabled": false
            }
        }
    },
    "USAE": {
        "sources": {
            "123tv": {
                "name": "123tv.live",
                "module": "123TV",
                "channel": "ae",
                "disabled": false
            }
        }
    },
    "USAHC": {
        "sources": {
            "123tv": {
                "name": "123tv.live",
                "module": "123TV",
                "channel": "ahc-american-heroes-channel",
                "disabled": false
            }
        }
    },
    "USAMC": {
        "sources": {
            "123tv": {
                "name": "123tv.live",
                "module": "123TV",
                "channel": "amc",
                "disabled": false
            }
        }
    },
    "USAnimalPlanet": {
        "sources": {
            "123tv": {
                "name": "123tv.live",
                "module": "123TV",
                "channel": "animal-planet-20211102",
                "disabled": false
            }
        }
    },
    "USBBCAmerica": {
        "sources": {
            "123tv": {
                "name": "123tv.live",
                "module": "123TV",
                "channel": "bbcamerica",
                "disabled": false
            }
        }
    },
    "USBET": {
        "sources": {
            "123tv": {
                "name": "123tv.live",
                "module": "123TV",
                "channel": "bet",
                "disabled": false
            }
        }
    },
    "USBravo": {
        "sources": {
            "123tv": {
                "name": "123tv.live",
                "module": "123TV",
                "channel": "bravo",
                "disabled": false
            }
        }
    },
    "USBloomberg": {
        "sources": {
            "123tv": {
                "name": "123tv.live",
                "module": "123TV",
                "channel": "bloomberg-usa",
                "disabled": false
            }
        }
    },
    "USCSPAN": {
        "sources": {
            "123tv": {
                "name": "123tv.live",
                "module": "123TV",
                "channel": "c-span",
                "disabled": false
            }
        }
    },
    "USCSPAN2": {
        "sources": {
            "123tv": {
                "name": "123tv.live",
                "module": "123TV",
                "channel": "c-span2-book-tv",
                "disabled": false
            }
        }
    },
    "USCSPAN3": {
        "sources": {
            "123tv": {
                "name": "123tv.live",
                "module": "123TV",
                "channel": "c-span3-american-history-tv",
                "disabled": false
            }
        }
    },
    "USCBS": {
        "sources": {
            "123tv": {
                "name": "123tv.live",
                "module": "123TV",
                "channel": "cbs",
                "disabled": false
            }
        }
    },
    "USCBSNews": {
        "sources": {
            "123tv": {
                "name": "123tv.live",
                "module": "123TV",
                "channel": "cbs-news-cbsn",
                "disabled": false
            }
        }
    },
    "USCMT": {
        "sources": {
            "123tv": {
                "name": "123tv.live",
                "module": "123TV",
                "channel": "cmt-country-music-television",
                "disabled": false
            }
        }
    },
    "USCartoonNetwork": {
        "sources": {
            "123tv": {
                "name": "123tv.live",
                "module": "123TV",
                "channel": "cartoon-network-02032021",
                "disabled": false
            }
        }
    },
    "USCNBC": {
        "sources": {
            "123tv": {
                "name": "123tv.live",
                "module": "123TV",
                "channel": "cnbc-2",
                "disabled": false
            }
        }
    },
    "USCNN": {
        "sources": {
            "123tv": {
                "name": "123tv.live",
                "module": "123TV",
                "channel": "cnn-02032021",
                "disabled": false
            }
        }
    },
    "USComedyCentral": {
        "sources": {
            "123tv": {
                "name": "123tv.live",
                "module": "123TV",
                "channel": "comedy-central",
                "disabled": false
            }
        }
    },
    "USTheCW": {
        "sources": {
            "123tv": {
                "name": "123tv.live",
                "module": "123TV",
                "channel": "cw-02032021",
                "disabled": false
            }
        }
    },
    "USDiscoveryScience": {
        "sources": {
            "123tv": {
                "name": "123tv.live",
                "module": "123TV",
                "channel": "science-channel",
                "disabled": false
            }
        }
    },
    "USDisney": {
        "sources": {
            "123tv": {
                "name": "123tv.live",
                "module": "123TV",
                "channel": "disney-channel",
                "disabled": false
            }
        }
    },
    "USDisneyJunior": {
        "sources": {
            "123tv": {
                "name": "123tv.live",
                "module": "123TV",
                "channel": "disney-junior",
                "disabled": false
            }
        }
    },
    "USDisneyXD": {
        "sources": {
            "123tv": {
                "name": "123tv.live",
                "module": "123TV",
                "channel": "disney-xd",
                "disabled": false
            }
        }
    },
    "USE": {
        "sources": {
            "123tv": {
                "name": "123tv.live",
                "module": "123TV",
                "channel": "e-network",
                "disabled": false
            }
        }
    },
    "USESPN": {
        "sources": {
            "123tv": {
                "name": "123tv.live",
                "module": "123TV",
                "channel": "espn-20210711",
                "disabled": false
            }
        }
    },
    "USESPN2": {
        "sources": {
            "123tv": {
                "name": "123tv.live",
                "module": "123TV",
                "channel": "espn2",
                "disabled": false
            }
        }
    },
    "USESPNU": {
        "sources": {
            "123tv": {
                "name": "123tv.live",
                "module": "123TV",
                "channel": "espnu",
                "disabled": false
            }
        }
    },
    "USESPNews": {
        "sources": {
            "123tv": {
                "name": "123tv.live",
                "module": "123TV",
                "channel": "espn-news",
                "disabled": false
            }
        }
    },
    "USFoodNetwork": {
        "sources": {
            "123tv": {
                "name": "123tv.live",
                "module": "123TV",
                "channel": "food-network",
                "disabled": false
            }
        }
    },
    "USFOX": {
        "sources": {
            "123tv": {
                "name": "123tv.live",
                "module": "123TV",
                "channel": "fox-network",
                "disabled": false
            }
        }
    },
    "USFoxBusiness": {
        "sources": {
            "123tv": {
                "name": "123tv.live",
                "module": "123TV",
                "channel": "fox-business",
                "disabled": false
            }
        }
    },
    "USFoxNews": {
        "sources": {
            "123tv": {
                "name": "123tv.live",
                "module": "123TV",
                "channel": "fox-news-hd",
                "disabled": false
            }
        }
    },
    "USFreeform": {
        "sources": {
            "123tv": {
                "name": "123tv.live",
                "module": "123TV",
                "channel": "freeform-abc-family",
                "disabled": false
            }
        }
    },
    "USFoxSports1": {
        "sources": {
            "123tv": {
                "name": "123tv.live",
                "module": "123TV",
                "channel": "fox-sports-1",
                "disabled": false
            }
        }
    },
    "USFoxSports2": {
        "sources": {
            "123tv": {
                "name": "123tv.live",
                "module": "123TV",
                "channel": "fox-sports-2-fs2-live",
                "disabled": false
            }
        }
    },
    "USFX": {
        "sources": {
            "123tv": {
                "name": "123tv.live",
                "module": "123TV",
                "channel": "fx-live",
                "disabled": false
            }
        }
    },
    "USGolfChannel": {
        "sources": {
            "123tv": {
                "name": "123tv.live",
                "module": "123TV",
                "channel": "golf-channel",
                "disabled": false
            }
        }
    },
    "USHBO": {
        "sources": {
            "123tv": {
                "name": "123tv.live",
                "module": "123TVhbo-02032021",
                "channel": "",
                "disabled": false
            }
        }
    },
    "USHGTV": {
        "sources": {
            "123tv": {
                "name": "123tv.live",
                "module": "123TV",
                "channel": "hgtv",
                "disabled": false
            }
        }
    },
    "USHistory": {
        "sources": {
            "123tv": {
                "name": "123tv.live",
                "module": "123TV",
                "channel": "history-channel",
                "disabled": false
            }
        }
    },
    "USLifetime": {
        "sources": {
            "123tv": {
                "name": "123tv.live",
                "module": "123TV",
                "channel": "lifetime-tv",
                "disabled": false
            }
        }
    },
    "USLogoTV": {
        "sources": {
            "123tv": {
                "name": "123tv.live",
                "module": "123TV",
                "channel": "logo-tv",
                "disabled": false
            }
        }
    },
    "USMagnoliaNetwork": {
        "sources": {
            "123tv": {
                "name": "123tv.live",
                "module": "123TV",
                "channel": "diy-network",
                "disabled": false
            }
        }
    },
    "USMSNBC": {
        "sources": {
            "123tv": {
                "name": "123tv.live",
                "module": "123TV",
                "channel": "msnbc",
                "disabled": false
            }
        }
    },
    "USMTV": {
        "sources": {
            "123tv": {
                "name": "123tv.live",
                "module": "123TV",
                "channel": "mtv",
                "disabled": false
            }
        }
    },
    "USNasaTV": {
        "sources": {
            "123tv": {
                "name": "123tv.live",
                "module": "123TV",
                "channel": "nasa-tv",
                "disabled": false
            }
        }
    },
    "USNationalGeographic": {
        "sources": {
            "123tv": {
                "name": "123tv.live",
                "module": "123TV",
                "channel": "national-geographic",
                "disabled": false
            }
        }
    },
    "USNBATV": {
        "sources": {
            "123tv": {
                "name": "123tv.live",
                "module": "123TV",
                "channel": "nba-tv-04192021",
                "disabled": false
            }
        }
    },
    "USNBC": {
        "sources": {
            "123tv": {
                "name": "123tv.live",
                "module": "123TV",
                "channel": "nbc-20201017",
                "disabled": false
            }
        }
    },
    "USNBC4NewYork": {
        "sources": {
            "123tv": {
                "name": "123tv.live",
                "module": "123TV",
                "channel": "nbc-20201017",
                "disabled": false
            }
        }
    },
    "USNBCSports": {
        "sources": {
            "123tv": {
                "name": "123tv.live",
                "module": "123TV",
                "channel": "nbcsn-20201106",
                "disabled": false
            }
        }
    },
    "USNFLNetwork": {
        "sources": {
            "123tv": {
                "name": "123tv.live",
                "module": "123TV",
                "channel": "nfl-network",
                "disabled": false
            }
        }
    },
    "USNHLNetwork": {
        "sources": {
            "123tv": {
                "name": "123tv.live",
                "module": "123TV",
                "channel": "nhl-network",
                "disabled": false
            }
        }
    },
    "USNickelodeon": {
        "sources": {
            "123tv": {
                "name": "123tv.live",
                "module": "123TV",
                "channel": "nickelodeon",
                "disabled": false
            }
        }
    },
    "USOxygen": {
        "sources": {
            "123tv": {
                "name": "123tv.live",
                "module": "123TV",
                "channel": "oxygen",
                "disabled": false
            }
        }
    },
    "USSECNetwork": {
        "sources": {
            "123tv": {
                "name": "123tv.live",
                "module": "123TV",
                "channel": "sec-network",
                "disabled": false
            }
        }
    },
    "USShowtime": {
        "sources": {
            "123tv": {
                "name": "123tv.live",
                "module": "123TV",
                "channel": "showtime",
                "disabled": false
            }
        }
    },
    "USSpike": {
        "sources": {
            "123tv": {
                "name": "123tv.live",
                "module": "123TV",
                "channel": "paramount-network-spike",
                "disabled": false
            }
        }
    },
    "USStarZ": {
        "sources": {
            "123tv": {
                "name": "123tv.live",
                "module": "123TV",
                "channel": "starz",
                "disabled": false
            }
        }
    },
    "USSYFY": {
        "sources": {
            "123tv": {
                "name": "123tv.live",
                "module": "123TV",
                "channel": "syfy",
                "disabled": false
            }
        }
    },
    "USTBS": {
        "sources": {
            "123tv": {
                "name": "123tv.live",
                "module": "123TV",
                "channel": "tbs",
                "disabled": false
            }
        }
    },
    "USTLC": {
        "sources": {
            "123tv": {
                "name": "123tv.live",
                "module": "123TV",
                "channel": "tlc",
                "disabled": false
            }
        }
    },
    "USTNT": {
        "sources": {
            "123tv": {
                "name": "123tv.live",
                "module": "123TV",
                "channel": "tnt",
                "disabled": false
            }
        }
    },
    "USTravelChannel": {
        "sources": {
            "123tv": {
                "name": "123tv.live",
                "module": "123TV",
                "channel": "travel-channel",
                "disabled": false
            }
        }
    },
    "UStruTV": {
        "sources": {
            "123tv": {
                "name": "123tv.live",
                "module": "123TV",
                "channel": "trutv",
                "disabled": false
            }
        }
    },
    "USTVLand": {
        "sources": {
            "123tv": {
                "name": "123tv.live",
                "module": "123TV",
                "channel": "tvland",
                "disabled": false
            }
        }
    },
    "USTheWeatherChannel": {
        "sources": {
            "123tv": {
                "name": "123tv.live",
                "module": "123TV",
                "channel": "the-weather-channel",
                "disabled": false
            }
        }
    },
    "USUSANetwork": {
        "sources": {
            "123tv": {
                "name": "123tv.live",
                "module": "123TV",
                "channel": "usa-network",
                "disabled": false
            }
        }
    },
    "USVH1": {
        "sources": {
            "123tv": {
                "name": "123tv.live",
                "module": "123TV",
                "channel": "vh1",
                "disabled": false
            }
        }
    },
    "USVoiceOfAmerica": {
        "sources": {
            "123tv": {
                "name": "123tv.live",
                "module": "123TV",
                "channel": "voice-of-america-voa",
                "disabled": false
            }
        }
    },
    "USWWENetwork": {
        "sources": {
            "123tv": {
                "name": "123tv.live",
                "module": "123TV",
                "channel": "wwe-network",
                "disabled": false
            }
        }
    },
    "USWeatherNation": {
        "sources": {
            "123tv": {
                "name": "123tv.live",
                "module": "123TV",
                "channel": "weathernation-tv",
                "disabled": false
            }
        }
    }
}