{
    "USABC": {
        "sources": {
            "rbtv": {
                "name": "rbtv",
                "module": "RBTV",
                "channel": "1248",
                "disabled": false
            }
        }
    },
    "USAE": {
        "sources": {
            "rbtv": {
                "name": "rbtv",
                "module": "RBTV",
                "channel": "1250",
                "disabled": false
            }
        }
    },
    "USAMC": {
        "sources": {
            "rbtv": {
                "name": "rbtv",
                "module": "RBTV",
                "channel": "1249",
                "disabled": false
            }
        }
    },
    "USBBCAmerica": {
        "sources": {
            "rbtv": {
                "name": "rbtv",
                "module": "RBTV",
                "channel": "1295",
                "disabled": false
            }
        }
    },
    "USBET": {
        "sources": {
            "rbtv": {
                "name": "rbtv",
                "module": "RBTV",
                "channel": "1284",
                "disabled": false
            }
        }
    },
    "USBravo": {
        "sources": {
            "rbtv": {
                "name": "rbtv",
                "module": "RBTV",
                "channel": "1265",
                "disabled": false
            }
        }
    },
    "USCBS": {
        "sources": {
            "rbtv": {
                "name": "rbtv",
                "module": "RBTV",
                "channel": "1260",
                "disabled": false
            }
        }
    },
    "USCinemax": {
        "sources": {
            "rbtv": {
                "name": "rbtv",
                "module": "RBTV",
                "channel": "1279",
                "disabled": false
            }
        }
    },
    "USCNBC": {
        "sources": {
            "rbtv": {
                "name": "rbtv",
                "module": "RBTV",
                "channel": "1951",
                "disabled": false
            }
        }
    },
    "USCNN": {
        "sources": {
            "rbtv": {
                "name": "rbtv",
                "module": "RBTV",
                "channel": "1278",
                "disabled": false
            }
        }
    },
    "USComedyCentral": {
        "sources": {
            "rbtv": {
                "name": "rbtv",
                "module": "RBTV",
                "channel": "1272",
                "disabled": false
            }
        }
    },
    "USTheCW": {
        "sources": {
            "rbtv": {
                "name": "rbtv",
                "module": "RBTV",
                "channel": "1266",
                "disabled": false
            }
        }
    },
    "USDisney": {
        "sources": {
            "rbtv": {
                "name": "rbtv",
                "module": "RBTV",
                "channel": "2158",
                "disabled": false
            }
        }
    },
    "USE": {
        "sources": {
            "rbtv": {
                "name": "rbtv",
                "module": "RBTV",
                "channel": "1267",
                "disabled": false
            }
        }
    },
    "USFoodNetwork": {
        "sources": {
            "rbtv": {
                "name": "rbtv",
                "module": "RBTV",
                "channel": "1269",
                "disabled": false
            }
        }
    },
    "USFOX": {
        "sources": {
            "rbtv": {
                "name": "rbtv",
                "module": "RBTV",
                "channel": "1277",
                "disabled": false
            }
        }
    },
    "USFoxNews": {
        "sources": {
            "rbtv": {
                "name": "rbtv",
                "module": "RBTV",
                "channel": "1252",
                "disabled": false
            }
        }
    },
    "USFreeform": {
        "sources": {
            "rbtv": {
                "name": "rbtv",
                "module": "RBTV",
                "channel": "1293",
                "disabled": false
            }
        }
    },
    "USFX": {
        "sources": {
            "rbtv": {
                "name": "rbtv",
                "module": "RBTV",
                "channel": "1254",
                "disabled": false
            }
        }
    },
    "USFXX": {
        "sources": {
            "rbtv": {
                "name": "rbtv",
                "module": "RBTV",
                "channel": "1287",
                "disabled": false
            }
        }
    },
    "USGameShowNetwork": {
        "sources": {
            "rbtv": {
                "name": "rbtv",
                "module": "RBTV",
                "channel": "2161",
                "disabled": false
            }
        }
    },
    "USHallmarkChannel": {
        "sources": {
            "rbtv": {
                "name": "rbtv",
                "module": "RBTV",
                "channel": "1282",
                "disabled": false
            }
        }
    },
    "USHBO": {
        "sources": {
            "rbtv": {
                "name": "rbtv",
                "module": "RBTV",
                "channel": "2163",
                "disabled": false
            }
        }
    },
    "USHGTV": {
        "sources": {
            "rbtv": {
                "name": "rbtv",
                "module": "RBTV",
                "channel": "1255",
                "disabled": false
            }
        }
    },
    "USLifetime": {
        "sources": {
            "rbtv": {
                "name": "rbtv",
                "module": "RBTV",
                "channel": "1257",
                "disabled": false
            }
        }
    },
    "USMagnoliaNetwork": {
        "sources": {
            "rbtv": {
                "name": "rbtv",
                "module": "RBTV",
                "channel": "2159",
                "disabled": false
            }
        }
    },
    "USMLBNetwork": {
        "sources": {
            "rbtv": {
                "name": "rbtv",
                "module": "RBTV",
                "channel": "1291",
                "disabled": false
            }
        }
    },
    "USNBC": {
        "sources": {
            "rbtv": {
                "name": "rbtv",
                "module": "RBTV",
                "channel": "2166",
                "disabled": false
            }
        }
    },
    "USShowtime": {
        "sources": {
            "rbtv": {
                "name": "rbtv",
                "module": "RBTV",
                "channel": "1268",
                "disabled": false
            }
        }
    },
    "USShowtimeWest": {
        "sources": {
            "rbtv": {
                "name": "rbtv",
                "module": "RBTV",
                "channel": "2168",
                "disabled": false
            }
        }
    },
    "USSpike": {
        "sources": {
            "rbtv": {
                "name": "rbtv",
                "module": "RBTV",
                "channel": "1256",
                "disabled": false
            }
        }
    },
    "USStarZ": {
        "sources": {
            "rbtv": {
                "name": "rbtv",
                "module": "RBTV",
                "channel": "1261",
                "disabled": false
            }
        }
    },
    "USStarZWest": {
        "sources": {
            "rbtv": {
                "name": "rbtv",
                "module": "RBTV",
                "channel": "1262",
                "disabled": false
            }
        }
    },
    "USSundanceTV": {
        "sources": {
            "rbtv": {
                "name": "rbtv",
                "module": "RBTV",
                "channel": "1286",
                "disabled": false
            }
        }
    },
    "USSYFY": {
        "sources": {
            "rbtv": {
                "name": "rbtv",
                "module": "RBTV",
                "channel": "1247",
                "disabled": false
            }
        }
    },
    "USTBS": {
        "sources": {
            "rbtv": {
                "name": "rbtv",
                "module": "RBTV",
                "channel": "1271",
                "disabled": false
            }
        }
    },
    "USTLC": {
        "sources": {
            "rbtv": {
                "name": "rbtv",
                "module": "RBTV",
                "channel": "1283",
                "disabled": false
            }
        }
    },
    "USTNT": {
        "sources": {
            "rbtv": {
                "name": "rbtv",
                "module": "RBTV",
                "channel": "1258",
                "disabled": false
            }
        }
    },
    "USTravelChannel": {
        "sources": {
            "rbtv": {
                "name": "rbtv",
                "module": "RBTV",
                "channel": "1294",
                "disabled": false
            }
        }
    },
    "USTheWeatherChannel": {
        "sources": {
            "rbtv": {
                "name": "rbtv",
                "module": "RBTV",
                "channel": "2156",
                "disabled": false
            }
        }
    },
    "USUSANetwork": {
        "sources": {
            "rbtv": {
                "name": "rbtv",
                "module": "RBTV",
                "channel": "1246",
                "disabled": false
            }
        }
    },
    "USVH1": {
        "sources": {
            "rbtv": {
                "name": "rbtv",
                "module": "RBTV",
                "channel": "1289",
                "disabled": false
            }
        }
    },
    "USWWENetwork": {
        "sources": {
            "rbtv": {
                "name": "rbtv",
                "module": "RBTV",
                "channel": "Wwenetwork30",
                "disabled": false
            }
        }
    }
}