{
    "USABC": {
        "sources": {
            "swift": {
                "name": "swift",
                "module": "Swift",
                "channel": "5-136",
                "disabled": false
            }
        }
    },
    "USAE": {
        "sources": {
            "swift": {
                "name": "swift",
                "module": "Swift",
                "channel": "5-1795",
                "disabled": false
            }
        }
    },
    "USAMC": {
        "sources": {
            "swift": {
                "name": "swift",
                "module": "Swift",
                "channel": "5-138",
                "disabled": false
            }
        }
    },
    "USAnimalPlanet": {
        "sources": {
            "swift": {
                "name": "swift",
                "module": "Swift",
                "channel": "5-254",
                "disabled": false
            }
        }
    },
    "USBBCAmerica": {
        "sources": {
            "swift": {
                "name": "swift",
                "module": "Swift",
                "channel": "5-243",
                "disabled": false
            }
        }
    },
    "USBigTenNetwork": {
        "sources": {
            "swift": {
                "name": "swift",
                "module": "Swift",
                "channel": "5-247",
                "disabled": false
            }
        }
    },
    "USBET": {
        "sources": {
            "swift": {
                "name": "swift",
                "module": "Swift",
                "channel": "5-206",
                "disabled": false
            }
        }
    },
    "USMSNBC": {
        "sources": {
            "swift": {
                "name": "swift",
                "module": "Swift",
                "channel": "5-245",
                "disabled": false
            }
        }
    },
    "USBravo": {
        "sources": {
            "swift": {
                "name": "swift",
                "module": "Swift",
                "channel": "5-173",
                "disabled": false
            }
        }
    },
    "USCBS": {
        "sources": {
            "swift": {
                "name": "swift",
                "module": "Swift",
                "channel": "5-164",
                "disabled": false
            }
        }
    },
    "USCinemax": {
        "sources": {
            "swift": {
                "name": "swift",
                "module": "Swift",
                "channel": "5-196",
                "disabled": false
            }
        }
    },
    "USCartoonNetwork": {
        "sources": {
            "swift": {
                "name": "swift",
                "module": "Swift",
                "channel": "5-255",
                "disabled": false
            }
        }
    },
    "USCNN": {
        "sources": {
            "swift": {
                "name": "swift",
                "module": "Swift",
                "channel": "5-194",
                "disabled": false
            }
        }
    },
    "USComedyCentral": {
        "sources": {
            "swift": {
                "name": "swift",
                "module": "Swift",
                "channel": "5-187",
                "disabled": false
            }
        }
    },
    "USTheCW": {
        "sources": {
            "swift": {
                "name": "swift",
                "module": "Swift",
                "channel": "5-175",
                "disabled": false
            }
        }
    },
    "USDisney": {
        "sources": {
            "swift": {
                "name": "swift",
                "module": "Swift",
                "channel": "5-228",
                "disabled": false
            }
        }
    },
    "USDiscovery": {
        "sources": {
            "swift": {
                "name": "swift",
                "module": "Swift",
                "channel": "5-147",
                "disabled": false
            }
        }
    },
    "USDiscoveryScience": {
        "sources": {
            "swift": {
                "name": "swift",
                "module": "Swift",
                "channel": "5-230",
                "disabled": false
            }
        }
    },
    "USDiscoveryLife": {
        "sources": {
            "swift": {
                "name": "swift",
                "module": "Swift",
                "channel": "5-1846",
                "disabled": false
            }
        }
    },
    "USDiscoveryVelocity": {
        "sources": {
            "swift": {
                "name": "swift",
                "module": "Swift",
                "channel": "5-233",
                "disabled": false
            }
        }
    },
    "USInvestigationDiscovery": {
        "sources": {
            "swift": {
                "name": "swift",
                "module": "Swift",
                "channel": "5-1165",
                "disabled": false
            }
        }
    },
    "USE": {
        "sources": {
            "swift": {
                "name": "swift",
                "module": "Swift",
                "channel": "5-179",
                "disabled": false
            }
        }
    },
    "USNHLNetwork": {
        "sources": {
            "swift": {
                "name": "swift",
                "module": "Swift",
                "channel": "5-1916",
                "disabled": false
            }
        }
    },
    "USNationalGeographic": {
        "sources": {
            "swift": {
                "name": "swift",
                "module": "Swift",
                "channel": "5-191",
                "disabled": false
            }
        }
    },
    "USNicktoons": {
        "sources": {
            "swift": {
                "name": "swift",
                "module": "Swift",
                "channel": "5-1857",
                "disabled": false
            }
        }
    },
    "USTeenNick": {
        "sources": {
            "swift": {
                "name": "swift",
                "module": "Swift",
                "channel": "5-1858",
                "disabled": false
            }
        }
    },
    "USTennisChannel": {
        "sources": {
            "swift": {
                "name": "swift",
                "module": "Swift",
                "channel": "5-241",
                "disabled": false
            }
        }
    },
    "USSECNetwork": {
        "sources": {
            "swift": {
                "name": "swift",
                "module": "Swift",
                "channel": "5-222",
                "disabled": false
            }
        }
    },
    "USTVLand": {
        "sources": {
            "swift": {
                "name": "swift",
                "module": "Swift",
                "channel": "5-237",
                "disabled": false
            }
        }
    },
    "USWeTV": {
        "sources": {
            "swift": {
                "name": "swift",
                "module": "Swift",
                "channel": "5-1838",
                "disabled": false
            }
        }
    },
    "USParamount": {
        "sources": {
            "swift": {
                "name": "swift",
                "module": "Swift",
                "channel": "5-1845",
                "disabled": false
            }
        }
    },
    "USOprahWinfreyNetwork": {
        "sources": {
            "swift": {
                "name": "swift",
                "module": "Swift",
                "channel": "5-201",
                "disabled": false
            }
        }
    },
    "USFoodNetwork": {
        "sources": {
            "swift": {
                "name": "swift",
                "module": "Swift",
                "channel": "5-181",
                "disabled": false
            }
        }
    },
    "USPAC12Network": {
        "sources": {
            "swift": {
                "name": "swift",
                "module": "Swift",
                "channel": "5-1920",
                "disabled": false
            }
        }
    },
    "USPAC12Arizona": {
        "sources": {
            "swift": {
                "name": "swift",
                "module": "Swift",
                "channel": "5-1923",
                "disabled": false
            }
        }
    },
    "USPAC12BayArea": {
        "sources": {
            "swift": {
                "name": "swift",
                "module": "Swift",
                "channel": "5-1924",
                "disabled": false
            }
        }
    },
    "USPAC12LosAngeles": {
        "sources": {
            "swift": {
                "name": "swift",
                "module": "Swift",
                "channel": "5-1921",
                "disabled": false
            }
        }
    },
    "USPAC12Oregon": {
        "sources": {
            "swift": {
                "name": "swift",
                "module": "Swift",
                "channel": "5-1922",
                "disabled": false
            }
        }
    },
    "USPAC12Washington": {
        "sources": {
            "swift": {
                "name": "swift",
                "module": "Swift",
                "channel": "5-1919",
                "disabled": false
            }
        }
    },
    "USFOX": {
        "sources": {
            "swift": {
                "name": "swift",
                "module": "Swift",
                "channel": "5-193",
                "disabled": false
            }
        }
    },
    "USFoxNews": {
        "sources": {
            "swift": {
                "name": "swift",
                "module": "Swift",
                "channel": "5-149",
                "disabled": false
            }
        }
    },
    "USFreeform": {
        "sources": {
            "swift": {
                "name": "swift",
                "module": "Swift",
                "channel": "5-226",
                "disabled": false
            }
        }
    },
    "USFX": {
        "sources": {
            "swift": {
                "name": "swift",
                "module": "Swift",
                "channel": "5-153",
                "disabled": false
            }
        }
    },
    "USFXX": {
        "sources": {
            "swift": {
                "name": "swift",
                "module": "Swift",
                "channel": "5-218",
                "disabled": false
            }
        }
    },
    "USGameShowNetwork": {
        "sources": {
            "swift": {
                "name": "swift",
                "module": "Swift",
                "channel": "5-249",
                "disabled": false
            }
        }
    },
    "USHallmarkChannel": {
        "sources": {
            "swift": {
                "name": "swift",
                "module": "Swift",
                "channel": "5-203",
                "disabled": false
            }
        }
    },
    "USHBO": {
        "sources": {
            "swift": {
                "name": "swift",
                "module": "Swift",
                "channel": "5-150",
                "disabled": false
            }
        }
    },
    "USHGTV": {
        "sources": {
            "swift": {
                "name": "swift",
                "module": "Swift",
                "channel": "5-155",
                "disabled": false
            }
        }
    },
    "USHistory": {
        "sources": {
            "swift": {
                "name": "swift",
                "module": "Swift",
                "channel": "5-183",
                "disabled": false
            }
        }
    },
    "USLifetime": {
        "sources": {
            "swift": {
                "name": "swift",
                "module": "Swift",
                "channel": "5-159",
                "disabled": false
            }
        }
    },
    "USMLBNetwork": {
        "sources": {
            "swift": {
                "name": "swift",
                "module": "Swift",
                "channel": "5-224",
                "disabled": false
            }
        }
    },
    "USShowtime": {
        "sources": {
            "swift": {
                "name": "swift",
                "module": "Swift",
                "channel": "5-180",
                "disabled": false
            }
        }
    },
    "USSpike": {
        "sources": {
            "swift": {
                "name": "swift",
                "module": "Swift",
                "channel": "5-157",
                "disabled": false
            }
        }
    },
    "USStarZ": {
        "sources": {
            "swift": {
                "name": "swift",
                "module": "Swift",
                "channel": "5-166",
                "disabled": false
            }
        }
    },
    "USStarZWest": {
        "sources": {
            "swift": {
                "name": "swift",
                "module": "Swift",
                "channel": "5-168",
                "disabled": false
            }
        }
    },
    "USSundanceTV": {
        "sources": {
            "swift": {
                "name": "swift",
                "module": "Swift",
                "channel": "5-216",
                "disabled": false
            }
        }
    },
    "USSYFY": {
        "sources": {
            "swift": {
                "name": "swift",
                "module": "Swift",
                "channel": "5-134",
                "disabled": false
            }
        }
    },
    "USTBS": {
        "sources": {
            "swift": {
                "name": "swift",
                "module": "Swift",
                "channel": "5-185",
                "disabled": false
            }
        }
    },
    "USTLC": {
        "sources": {
            "swift": {
                "name": "swift",
                "module": "Swift",
                "channel": "5-204",
                "disabled": false
            }
        }
    },
    "USTNT": {
        "sources": {
            "swift": {
                "name": "swift",
                "module": "Swift",
                "channel": "5-161",
                "disabled": false
            }
        }
    },
    "USTravelChannel": {
        "sources": {
            "swift": {
                "name": "swift",
                "module": "Swift",
                "channel": "5-239",
                "disabled": false
            }
        }
    },
    "USUSANetwork": {
        "sources": {
            "swift": {
                "name": "swift",
                "module": "Swift",
                "channel": "5-132",
                "disabled": false
            }
        }
    },
    "USVH1": {
        "sources": {
            "swift": {
                "name": "swift",
                "module": "Swift",
                "channel": "5-219",
                "disabled": false
            }
        }
    }
}