{"USABC": {"name": "ABC", "logo": "abc_white.png", "tvg-id": "", "country": "US", "sources": {"daddylive": {"name": "DaddyLive", "module": "DaddyLive", "channel": "51", "disabled": false}, "123tv": {"name": "123tv.live", "module": "123TV", "channel": "abc", "disabled": false}, "rbtv": {"name": "rbtv", "module": "RBTV", "channel": "1248", "disabled": false}, "swift": {"name": "swift", "module": "Swift", "channel": "5-136", "disabled": false}, "tv247": {"name": "tv247us.com", "module": "TV247", "channel": "abcus", "disabled": false}, "uktvnow": {"name": "uktvnow", "module": "UKTVNow", "channel": "23", "disabled": false}, "ustvgo": {"name": "ustvgo.tv", "module": "USTVGO", "channel": "ABC", "disabled": false}}, "disabled": false}, "USABC7NewYork": {"name": "ABC 7 New York", "logo": "abc_white.png", "tvg-id": "", "country": "US", "sources": {"uktvnow": {"name": "uktvnow", "module": "UKTVNow", "channel": "491", "disabled": false}, "ustvgo": {"name": "ustvgo.tv", "module": "USTVGO", "channel": "ABCNY", "disabled": false}}, "disabled": false}, "USACCNetwork": {"name": "ACC Network", "logo": "accn_white.png", "tvg-id": "", "country": "US", "sources": {"tv247": {"name": "tv247us.com", "module": "TV247", "channel": "acc", "disabled": false}, "ustvgo": {"name": "ustvgo.tv", "module": "USTVGO", "channel": "ACCN", "disabled": false}}, "disabled": false}, "USAdultSwim": {"name": "Adult Swim", "logo": "adult_swim_white.png", "tvg-id": "", "country": "US", "sources": {"123tv": {"name": "123tv.live", "module": "123TV", "channel": "adult-swim", "disabled": false}}, "disabled": false}, "USAE": {"name": "AE", "logo": "ae_white.png", "tvg-id": "", "country": "US", "sources": {"daddylive": {"name": "DaddyLive", "module": "DaddyLive", "channel": "302", "disabled": false}, "123tv": {"name": "123tv.live", "module": "123TV", "channel": "ae", "disabled": false}, "rbtv": {"name": "rbtv", "module": "RBTV", "channel": "1250", "disabled": false}, "swift": {"name": "swift", "module": "Swift", "channel": "5-1795", "disabled": false}, "tv247": {"name": "tv247us.com", "module": "TV247", "channel": "aeus", "disabled": false}, "uktvnow": {"name": "uktvnow", "module": "UKTVNow", "channel": "22", "disabled": false}, "ustvgo": {"name": "ustvgo.tv", "module": "USTVGO", "channel": "AE", "disabled": false}}, "disabled": false}, "USAHC": {"name": "AHC", "logo": "AHC_white.png", "tvg-id": "", "country": "US", "sources": {"123tv": {"name": "123tv.live", "module": "123TV", "channel": "ahc-american-heroes-channel", "disabled": false}}, "disabled": false}, "USAMC": {"name": "AMC", "logo": "amc_white.png", "tvg-id": "", "country": "US", "sources": {"daddylive": {"name": "DaddyLive", "module": "DaddyLive", "channel": "303", "disabled": false}, "123tv": {"name": "123tv.live", "module": "123TV", "channel": "amc", "disabled": false}, "rbtv": {"name": "rbtv", "module": "RBTV", "channel": "1249", "disabled": false}, "swift": {"name": "swift", "module": "Swift", "channel": "5-138", "disabled": false}, "tv247": {"name": "tv247us.com", "module": "TV247", "channel": "amc", "disabled": false}, "uktvnow": {"name": "uktvnow", "module": "UKTVNow", "channel": "28", "disabled": false}, "ustvgo": {"name": "ustvgo.tv", "module": "USTVGO", "channel": "AMC", "disabled": false}}, "disabled": false}, "USAnimalPlanet": {"name": "Animal Planet", "logo": "animal_planet_white.png", "tvg-id": "", "country": "US", "sources": {"daddylive": {"name": "DaddyLive", "module": "DaddyLive", "channel": "304", "disabled": false}, "123tv": {"name": "123tv.live", "module": "123TV", "channel": "animal-planet-20211102", "disabled": false}, "swift": {"name": "swift", "module": "Swift", "channel": "5-254", "disabled": false}, "tv247": {"name": "tv247us.com", "module": "TV247", "channel": "animalplanet", "disabled": false}, "uktvnow": {"name": "uktvnow", "module": "UKTVNow", "channel": "31", "disabled": false}, "ustvgo": {"name": "ustvgo.tv", "module": "USTVGO", "channel": "Animal", "disabled": false}}, "disabled": false}, "USBBCAmerica": {"name": "BBCAmerica", "logo": "bbc_america_white.png", "tvg-id": "", "country": "US", "sources": {"123tv": {"name": "123tv.live", "module": "123TV", "channel": "bbcamerica", "disabled": false}, "rbtv": {"name": "rbtv", "module": "RBTV", "channel": "1295", "disabled": false}, "swift": {"name": "swift", "module": "Swift", "channel": "5-243", "disabled": false}, "tv247": {"name": "tv247us.com", "module": "TV247", "channel": "bbca", "disabled": false}, "uktvnow": {"name": "uktvnow", "module": "UKTVNow", "channel": "478", "disabled": false}, "ustvgo": {"name": "ustvgo.tv", "module": "USTVGO", "channel": "BBCAmerica", "disabled": false}}, "disabled": false}, "USBigTenNetwork": {"name": "Big Ten Network", "logo": "BigTenNetwork_white.png", "tvg-id": "", "country": "US", "sources": {"swift": {"name": "swift", "module": "Swift", "channel": "5-247", "disabled": false}, "tv247": {"name": "tv247us.com", "module": "TV247", "channel": "btn", "disabled": false}, "ustvgo": {"name": "ustvgo.tv", "module": "USTVGO", "channel": "BTN", "disabled": false}}, "disabled": false}, "USBET": {"name": "BET", "logo": "bet_white.png", "tvg-id": "", "country": "US", "sources": {"daddylive": {"name": "DaddyLive", "module": "DaddyLive", "channel": "306", "disabled": false}, "123tv": {"name": "123tv.live", "module": "123TV", "channel": "bet", "disabled": false}, "rbtv": {"name": "rbtv", "module": "RBTV", "channel": "1284", "disabled": false}, "swift": {"name": "swift", "module": "Swift", "channel": "5-206", "disabled": false}, "uktvnow": {"name": "uktvnow", "module": "UKTVNow", "channel": "425", "disabled": false}, "ustvgo": {"name": "ustvgo.tv", "module": "USTVGO", "channel": "BET", "disabled": false}}, "disabled": false}, "USBoomerang": {"name": "Boomerang", "logo": "boomerang_white.png", "tvg-id": "", "country": "US", "sources": {"uktvnow": {"name": "uktvnow", "module": "UKTVNow", "channel": "635", "disabled": false}, "ustvgo": {"name": "ustvgo.tv", "module": "USTVGO", "channel": "Boomerang", "disabled": false}}, "disabled": false}, "USBravo": {"name": "Bravo", "logo": "bravo_white.png", "tvg-id": "", "country": "US", "sources": {"daddylive": {"name": "DaddyLive", "module": "DaddyLive", "channel": "307", "disabled": false}, "123tv": {"name": "123tv.live", "module": "123TV", "channel": "bravo", "disabled": false}, "rbtv": {"name": "rbtv", "module": "RBTV", "channel": "1265", "disabled": false}, "swift": {"name": "swift", "module": "Swift", "channel": "5-173", "disabled": false}, "tv247": {"name": "tv247us.com", "module": "TV247", "channel": "bravo", "disabled": false}, "uktvnow": {"name": "uktvnow", "module": "UKTVNow", "channel": "56", "disabled": false}, "ustvgo": {"name": "ustvgo.tv", "module": "USTVGO", "channel": "Bravo", "disabled": false}}, "disabled": false}, "USBloomberg": {"name": "Bloomberg", "logo": "bloomberg_white.png", "tvg-id": "", "country": "US", "sources": {"123tv": {"name": "123tv.live", "module": "123TV", "channel": "bloomberg-usa", "disabled": false}, "uktvnow": {"name": "uktvnow", "module": "UKTVNow", "channel": "493", "disabled": false}}, "disabled": false}, "USCSPAN": {"name": "C-span", "logo": "c-span_white.png", "tvg-id": "", "country": "US", "sources": {"123tv": {"name": "123tv.live", "module": "123TV", "channel": "c-span", "disabled": false}, "ustvgo": {"name": "ustvgo.tv", "module": "USTVGO", "channel": "CSPAN", "disabled": false}}, "disabled": false}, "USCSPAN2": {"name": "C-span 2", "logo": "c-span2_white.png", "tvg-id": "", "country": "US", "sources": {"123tv": {"name": "123tv.live", "module": "123TV", "channel": "c-span2-book-tv", "disabled": false}}, "disabled": false}, "USCSPAN3": {"name": "C-span 3", "logo": "c-span3_white.png", "tvg-id": "", "country": "US", "sources": {"123tv": {"name": "123tv.live", "module": "123TV", "channel": "c-span3-american-history-tv", "disabled": false}}, "disabled": false}, "USCBS": {"name": "CBS", "logo": "cbs_white.png", "tvg-id": "", "country": "US", "sources": {"daddylive": {"name": "DaddyLive", "module": "DaddyLive", "channel": "52", "disabled": false}, "123tv": {"name": "123tv.live", "module": "123TV", "channel": "cbs", "disabled": false}, "rbtv": {"name": "rbtv", "module": "RBTV", "channel": "1260", "disabled": false}, "swift": {"name": "swift", "module": "Swift", "channel": "5-164", "disabled": false}, "tv247": {"name": "tv247us.com", "module": "TV247", "channel": "cbs", "disabled": false}, "uktvnow": {"name": "uktvnow", "module": "UKTVNow", "channel": "64", "disabled": false}, "ustvgo": {"name": "ustvgo.tv", "module": "USTVGO", "channel": "CBS", "disabled": false}}, "disabled": false}, "USCBS2NewYork": {"name": "CBS 2 New York", "logo": "cbs_white.png", "tvg-id": "", "country": "US", "sources": {"ustvgo": {"name": "ustvgo.tv", "module": "USTVGO", "channel": "CBSNY", "disabled": false}}, "disabled": false}, "USCBSNews": {"name": "CBS News", "logo": "cbs_white.png", "tvg-id": "", "country": "US", "sources": {"123tv": {"name": "123tv.live", "module": "123TV", "channel": "cbs-news-cbsn", "disabled": false}, "uktvnow": {"name": "uktvnow", "module": "UKTVNow", "channel": "492", "disabled": false}}, "disabled": false}, "USCBSSportsNetwork": {"name": "CBS Sports Network", "logo": "cbs_sports_network_white.png", "tvg-id": "", "country": "US", "sources": {"daddylive": {"name": "DaddyLive", "module": "DaddyLive", "channel": "308", "disabled": false}, "tv247": {"name": "tv247us.com", "module": "TV247", "channel": "cbsnw", "disabled": false}, "uktvnow": {"name": "uktvnow", "module": "UKTVNow", "channel": "416", "disabled": false}, "ustvgo": {"name": "ustvgo.tv", "module": "USTVGO", "channel": "CBSSN", "disabled": false}}, "disabled": false}, "USCinemax": {"name": "Cinemax", "logo": "Cinemax_white.png", "tvg-id": "", "country": "US", "sources": {"rbtv": {"name": "rbtv", "module": "RBTV", "channel": "1279", "disabled": false}, "swift": {"name": "swift", "module": "Swift", "channel": "5-196", "disabled": false}, "uktvnow": {"name": "uktvnow", "module": "UKTVNow", "channel": "467", "disabled": false}, "ustvgo": {"name": "ustvgo.tv", "module": "USTVGO", "channel": "Cinemax", "disabled": false}}, "disabled": false}, "USCinemax5StarMax": {"name": "Cinemax 5 Star Max", "logo": "Cinemax_white.png", "tvg-id": "", "country": "US", "sources": {"uktvnow": {"name": "uktvnow", "module": "UKTVNow", "channel": "470", "disabled": false}}, "disabled": false}, "USCinemaxAction": {"name": "Cinemax Action", "logo": "Cinemax_white.png", "tvg-id": "", "country": "US", "sources": {"uktvnow": {"name": "uktvnow", "module": "UKTVNow", "channel": "468", "disabled": false}}, "disabled": false}, "USCMT": {"name": "CMT", "logo": "cmt_white.png", "tvg-id": "", "country": "US", "sources": {"123tv": {"name": "123tv.live", "module": "123TV", "channel": "cmt-country-music-television", "disabled": false}, "tv247": {"name": "tv247us.com", "module": "TV247", "channel": "cmt", "disabled": false}, "ustvgo": {"name": "ustvgo.tv", "module": "USTVGO", "channel": "CMT", "disabled": false}}, "disabled": false}, "USCartoonNetwork": {"name": "Cartoon Network", "logo": "cartoon_network_white.png", "tvg-id": "", "country": "US", "sources": {"daddylive": {"name": "DaddyLive", "module": "DaddyLive", "channel": "339", "disabled": false}, "123tv": {"name": "123tv.live", "module": "123TV", "channel": "cartoon-network-02032021", "disabled": false}, "swift": {"name": "swift", "module": "Swift", "channel": "5-255", "disabled": false}, "tv247": {"name": "tv247us.com", "module": "TV247", "channel": "cn", "disabled": false}, "uktvnow": {"name": "uktvnow", "module": "UKTVNow", "channel": "63", "disabled": false}, "ustvgo": {"name": "ustvgo.tv", "module": "USTVGO", "channel": "CN", "disabled": false}}, "disabled": false}, "USCNBC": {"name": "CNBC", "logo": "cnbc_white.png", "tvg-id": "", "country": "US", "sources": {"daddylive": {"name": "DaddyLive", "module": "DaddyLive", "channel": "309", "disabled": false}, "123tv": {"name": "123tv.live", "module": "123TV", "channel": "cnbc-2", "disabled": false}, "rbtv": {"name": "rbtv", "module": "RBTV", "channel": "1951", "disabled": false}, "tv247": {"name": "tv247us.com", "module": "TV247", "channel": "cnbc", "disabled": false}, "uktvnow": {"name": "uktvnow", "module": "UKTVNow", "channel": "79", "disabled": false}, "ustvgo": {"name": "ustvgo.tv", "module": "USTVGO", "channel": "CNBC", "disabled": false}}, "disabled": false}, "USCNN": {"name": "CNN", "logo": "cnn_usa_white.png", "tvg-id": "", "country": "US", "sources": {"daddylive": {"name": "DaddyLive", "module": "DaddyLive", "channel": "345", "disabled": false}, "123tv": {"name": "123tv.live", "module": "123TV", "channel": "cnn-02032021", "disabled": false}, "rbtv": {"name": "rbtv", "module": "RBTV", "channel": "1278", "disabled": false}, "swift": {"name": "swift", "module": "Swift", "channel": "5-194", "disabled": false}, "tv247": {"name": "tv247us.com", "module": "TV247", "channel": "cnn", "disabled": false}, "uktvnow": {"name": "uktvnow", "module": "UKTVNow", "channel": "82", "disabled": false}, "ustvgo": {"name": "ustvgo.tv", "module": "USTVGO", "channel": "CNN", "disabled": false}}, "disabled": false}, "USComedyCentral": {"name": "Comedy Central", "logo": "comedy_central_white.png", "tvg-id": "", "country": "US", "sources": {"123tv": {"name": "123tv.live", "module": "123TV", "channel": "comedy-central", "disabled": false}, "rbtv": {"name": "rbtv", "module": "RBTV", "channel": "1272", "disabled": false}, "swift": {"name": "swift", "module": "Swift", "channel": "5-187", "disabled": false}, "uktvnow": {"name": "uktvnow", "module": "UKTVNow", "channel": "85", "disabled": false}, "ustvgo": {"name": "ustvgo.tv", "module": "USTVGO", "channel": "Comedy", "disabled": false}}, "disabled": false}, "USTheCW": {"name": "The CW", "logo": "the_cw_white.png", "tvg-id": "", "country": "US", "sources": {"daddylive": {"name": "DaddyLive", "module": "DaddyLive", "channel": "300", "disabled": false}, "123tv": {"name": "123tv.live", "module": "123TV", "channel": "cw-02032021", "disabled": false}, "rbtv": {"name": "rbtv", "module": "RBTV", "channel": "1266", "disabled": false}, "swift": {"name": "swift", "module": "Swift", "channel": "5-175", "disabled": false}, "tv247": {"name": "tv247us.com", "module": "TV247", "channel": "cw", "disabled": false}, "uktvnow": {"name": "uktvnow", "module": "UKTVNow", "channel": "87", "disabled": false}, "ustvgo": {"name": "ustvgo.tv", "module": "USTVGO", "channel": "CW", "disabled": false}}, "disabled": false}, "USCW11NewYork": {"name": "CW 11 New York", "logo": "cw11_white.png", "tvg-id": "", "country": "US", "sources": {"ustvgo": {"name": "ustvgo.tv", "module": "USTVGO", "channel": "CWNY", "disabled": false}}, "disabled": false}, "USDestinationAmerica": {"name": "Destination America", "logo": "destination_america_white.png", "tvg-id": "", "country": "US", "sources": {"uktvnow": {"name": "uktvnow", "module": "UKTVNow", "channel": "638", "disabled": false}, "ustvgo": {"name": "ustvgo.tv", "module": "USTVGO", "channel": "DA", "disabled": false}}, "disabled": false}, "USDiscovery": {"name": "Discovery", "logo": "discovery_white.png", "tvg-id": "", "country": "US", "sources": {"daddylive": {"name": "DaddyLive", "module": "DaddyLive", "channel": "313", "disabled": false}, "swift": {"name": "swift", "module": "Swift", "channel": "5-147", "disabled": false}, "tv247": {"name": "tv247us.com", "module": "TV247", "channel": "discovery", "disabled": false}, "uktvnow": {"name": "uktvnow", "module": "UKTVNow", "channel": "94", "disabled": false}, "ustvgo": {"name": "ustvgo.tv", "module": "USTVGO", "channel": "Discovery", "disabled": false}}, "disabled": false}, "USDiscoveryScience": {"name": "Discovery Science", "logo": "discovery_science_white.png", "tvg-id": "", "country": "US", "sources": {"123tv": {"name": "123tv.live", "module": "123TV", "channel": "science-channel", "disabled": false}, "swift": {"name": "swift", "module": "Swift", "channel": "5-230", "disabled": false}, "uktvnow": {"name": "uktvnow", "module": "UKTVNow", "channel": "488", "disabled": false}, "ustvgo": {"name": "ustvgo.tv", "module": "USTVGO", "channel": "Science", "disabled": false}}, "disabled": false}, "USDiscoveryLife": {"name": "Discovery Life", "logo": "", "tvg-id": "", "country": "US", "sources": {"daddylive": {"name": "DaddyLive", "module": "DaddyLive", "channel": "311", "disabled": false}, "swift": {"name": "swift", "module": "Swift", "channel": "5-1846", "disabled": false}}, "disabled": false}, "USDiscoveryVelocity": {"name": "Discovery Velocity", "logo": "", "tvg-id": "", "country": "US", "sources": {"swift": {"name": "swift", "module": "Swift", "channel": "5-233", "disabled": false}, "uktvnow": {"name": "uktvnow", "module": "UKTVNow", "channel": "697", "disabled": false}}, "disabled": false}, "USDisney": {"name": "Disney", "logo": "disney_channel_white.png", "tvg-id": "", "country": "US", "sources": {"daddylive": {"name": "DaddyLive", "module": "DaddyLive", "channel": "312", "disabled": false}, "123tv": {"name": "123tv.live", "module": "123TV", "channel": "disney-channel", "disabled": false}, "rbtv": {"name": "rbtv", "module": "RBTV", "channel": "2158", "disabled": false}, "swift": {"name": "swift", "module": "Swift", "channel": "5-228", "disabled": false}, "tv247": {"name": "tv247us.com", "module": "TV247", "channel": "disney", "disabled": false}, "uktvnow": {"name": "uktvnow", "module": "UKTVNow", "channel": "490", "disabled": false}, "ustvgo": {"name": "ustvgo.tv", "module": "USTVGO", "channel": "Disney", "disabled": false}}, "disabled": false}, "USDisneyJunior": {"name": "Disney Junior", "logo": "disney_junior_white.png", "tvg-id": "", "country": "US", "sources": {"123tv": {"name": "123tv.live", "module": "123TV", "channel": "disney-junior", "disabled": false}, "tv247": {"name": "tv247us.com", "module": "TV247", "channel": "disneyjunior", "disabled": false}, "ustvgo": {"name": "ustvgo.tv", "module": "USTVGO", "channel": "DisneyJr", "disabled": false}}, "disabled": false}, "USDisneyXD": {"name": "DisneyXD", "logo": "Disney_XD_white.png", "tvg-id": "", "country": "US", "sources": {"daddylive": {"name": "DaddyLive", "module": "DaddyLive", "channel": "314", "disabled": false}, "123tv": {"name": "123tv.live", "module": "123TV", "channel": "disney-xd", "disabled": false}, "tv247": {"name": "tv247us.com", "module": "TV247", "channel": "disneyxd", "disabled": false}, "uktvnow": {"name": "uktvnow", "module": "UKTVNow", "channel": "755", "disabled": false}, "ustvgo": {"name": "ustvgo.tv", "module": "USTVGO", "channel": "DisneyXD", "disabled": false}}, "disabled": false}, "USE": {"name": "E!", "logo": "e_white.png", "tvg-id": "", "country": "US", "sources": {"daddylive": {"name": "DaddyLive", "module": "DaddyLive", "channel": "315", "disabled": false}, "123tv": {"name": "123tv.live", "module": "123TV", "channel": "e-network", "disabled": false}, "rbtv": {"name": "rbtv", "module": "RBTV", "channel": "1267", "disabled": false}, "swift": {"name": "swift", "module": "Swift", "channel": "5-179", "disabled": false}, "ustvgo": {"name": "ustvgo.tv", "module": "USTVGO", "channel": "E", "disabled": false}}, "disabled": false}, "USESPN": {"name": "ESPN", "logo": "espn_white.png", "tvg-id": "", "country": "US", "sources": {"daddylive": {"name": "DaddyLive", "module": "DaddyLive", "channel": "44", "disabled": false}, "123tv": {"name": "123tv.live", "module": "123TV", "channel": "espn-20210711", "disabled": false}, "tv247": {"name": "tv247us.com", "module": "TV247", "channel": "espn1", "disabled": false}, "uktvnow": {"name": "uktvnow", "module": "UKTVNow", "channel": "101", "disabled": false}, "ustvgo": {"name": "ustvgo.tv", "module": "USTVGO", "channel": "ESPN", "disabled": false}}, "disabled": false}, "USESPN2": {"name": "ESPN2", "logo": "espn2_white.png", "tvg-id": "", "country": "US", "sources": {"daddylive": {"name": "DaddyLive", "module": "DaddyLive", "channel": "45", "disabled": false}, "123tv": {"name": "123tv.live", "module": "123TV", "channel": "espn2", "disabled": false}, "tv247": {"name": "tv247us.com", "module": "TV247", "channel": "espn2", "disabled": false}, "uktvnow": {"name": "uktvnow", "module": "UKTVNow", "channel": "104", "disabled": false}, "ustvgo": {"name": "ustvgo.tv", "module": "USTVGO", "channel": "ESPN2", "disabled": false}}, "disabled": false}, "USESPNU": {"name": "ESPNU", "logo": "ESPN_U_white.png", "tvg-id": "", "country": "US", "sources": {"daddylive": {"name": "DaddyLive", "module": "DaddyLive", "channel": "316", "disabled": false}, "123tv": {"name": "123tv.live", "module": "123TV", "channel": "espnu", "disabled": false}, "tv247": {"name": "tv247us.com", "module": "TV247", "channel": "espnu", "disabled": false}, "uktvnow": {"name": "uktvnow", "module": "UKTVNow", "channel": "414", "disabled": false}, "ustvgo": {"name": "ustvgo.tv", "module": "USTVGO", "channel": "ESPNU", "disabled": false}}, "disabled": false}, "USESPNews": {"name": "ESPNews", "logo": "espnews_white.png", "tvg-id": "", "country": "US", "sources": {"123tv": {"name": "123tv.live", "module": "123TV", "channel": "espn-news", "disabled": false}, "tv247": {"name": "tv247us.com", "module": "TV247", "channel": "espnews", "disabled": false}, "uktvnow": {"name": "uktvnow", "module": "UKTVNow", "channel": "106", "disabled": false}, "ustvgo": {"name": "ustvgo.tv", "module": "USTVGO", "channel": "ESPNews", "disabled": false}}, "disabled": false}, "USESPNDeportes": {"name": "ESPN Deportes", "logo": "espn_deportes_white.png", "tvg-id": "", "country": "US", "sources": {"tv247": {"name": "tv247us.com", "module": "TV247", "channel": "espndeportes", "disabled": false}}, "disabled": false}, "USFoodNetwork": {"name": "Food Network", "logo": "food_network_white.png", "tvg-id": "", "country": "US", "sources": {"123tv": {"name": "123tv.live", "module": "123TV", "channel": "food-network", "disabled": false}, "rbtv": {"name": "rbtv", "module": "RBTV", "channel": "1269", "disabled": false}, "swift": {"name": "swift", "module": "Swift", "channel": "5-181", "disabled": false}, "tv247": {"name": "tv247us.com", "module": "TV247", "channel": "footnw", "disabled": false}, "uktvnow": {"name": "uktvnow", "module": "UKTVNow", "channel": "116", "disabled": false}, "ustvgo": {"name": "ustvgo.tv", "module": "USTVGO", "channel": "FoodNetwork", "disabled": false}}, "disabled": false}, "USFOX": {"name": "FOX", "logo": "fox_white.png", "tvg-id": "", "country": "US", "sources": {"daddylive": {"name": "DaddyLive", "module": "DaddyLive", "channel": "54", "disabled": false}, "123tv": {"name": "123tv.live", "module": "123TV", "channel": "fox-network", "disabled": false}, "rbtv": {"name": "rbtv", "module": "RBTV", "channel": "1277", "disabled": false}, "swift": {"name": "swift", "module": "Swift", "channel": "5-193", "disabled": false}, "tv247": {"name": "tv247us.com", "module": "TV247", "channel": "foxus", "disabled": false}, "uktvnow": {"name": "uktvnow", "module": "UKTVNow", "channel": "117", "disabled": false}, "ustvgo": {"name": "ustvgo.tv", "module": "USTVGO", "channel": "FOX", "disabled": false}}, "disabled": false}, "USFOX5NewYork": {"name": "FOX 5 New York", "logo": "fox_white.png", "tvg-id": "", "country": "US", "sources": {"ustvgo": {"name": "ustvgo.tv", "module": "USTVGO", "channel": "FOXNY", "disabled": false}}, "disabled": false}, "USFoxBusiness": {"name": "Fox Business", "logo": "fox_business_white.png", "tvg-id": "", "country": "US", "sources": {"123tv": {"name": "123tv.live", "module": "123TV", "channel": "fox-business", "disabled": false}, "ustvgo": {"name": "ustvgo.tv", "module": "USTVGO", "channel": "FoxBusiness", "disabled": false}}, "disabled": false}, "USFoxNews": {"name": "Fox News", "logo": "fox_news_white.png", "tvg-id": "", "country": "US", "sources": {"daddylive": {"name": "DaddyLive", "module": "DaddyLive", "channel": "347", "disabled": false}, "123tv": {"name": "123tv.live", "module": "123TV", "channel": "fox-news-hd", "disabled": false}, "rbtv": {"name": "rbtv", "module": "RBTV", "channel": "1252", "disabled": false}, "swift": {"name": "swift", "module": "Swift", "channel": "5-149", "disabled": false}, "tv247": {"name": "tv247us.com", "module": "TV247", "channel": "fn", "disabled": false}, "uktvnow": {"name": "uktvnow", "module": "UKTVNow", "channel": "119", "disabled": false}, "ustvgo": {"name": "ustvgo.tv", "module": "USTVGO", "channel": "FoxNews", "disabled": false}}, "disabled": false}, "USFreeform": {"name": "Freeform", "logo": "freeform_white.png", "tvg-id": "", "country": "US", "sources": {"daddylive": {"name": "DaddyLive", "module": "DaddyLive", "channel": "301", "disabled": false}, "123tv": {"name": "123tv.live", "module": "123TV", "channel": "freeform-abc-family", "disabled": false}, "rbtv": {"name": "rbtv", "module": "RBTV", "channel": "1293", "disabled": false}, "swift": {"name": "swift", "module": "Swift", "channel": "5-226", "disabled": false}, "tv247": {"name": "tv247us.com", "module": "TV247", "channel": "freeform", "disabled": false}, "uktvnow": {"name": "uktvnow", "module": "UKTVNow", "channel": "675", "disabled": false}, "ustvgo": {"name": "ustvgo.tv", "module": "USTVGO", "channel": "Freeform", "disabled": false}}, "disabled": false}, "USFoxSports1": {"name": "Fox Sports 1", "logo": "fox_sports_white.png", "tvg-id": "", "country": "US", "sources": {"daddylive": {"name": "DaddyLive", "module": "DaddyLive", "channel": "39", "disabled": false}, "123tv": {"name": "123tv.live", "module": "123TV", "channel": "fox-sports-1", "disabled": false}, "tv247": {"name": "tv247us.com", "module": "TV247", "channel": "fs1", "disabled": false}, "uktvnow": {"name": "uktvnow", "module": "UKTVNow", "channel": "120", "disabled": false}, "ustvgo": {"name": "ustvgo.tv", "module": "USTVGO", "channel": "FS1", "disabled": false}}, "disabled": false}, "USFoxSports2": {"name": "Fox Sports 2", "logo": "fox_sports_white.png", "tvg-id": "", "country": "US", "sources": {"123tv": {"name": "123tv.live", "module": "123TV", "channel": "fox-sports-2-fs2-live", "disabled": false}, "tv247": {"name": "tv247us.com", "module": "TV247", "channel": "fs2", "disabled": false}, "uktvnow": {"name": "uktvnow", "module": "UKTVNow", "channel": "121", "disabled": false}, "ustvgo": {"name": "ustvgo.tv", "module": "USTVGO", "channel": "FS2", "disabled": false}}, "disabled": false}, "USFX": {"name": "FX", "logo": "FX_white.png", "tvg-id": "", "country": "US", "sources": {"daddylive": {"name": "DaddyLive", "module": "DaddyLive", "channel": "317", "disabled": false}, "123tv": {"name": "123tv.live", "module": "123TV", "channel": "fx-live", "disabled": false}, "rbtv": {"name": "rbtv", "module": "RBTV", "channel": "1254", "disabled": false}, "swift": {"name": "swift", "module": "Swift", "channel": "5-153", "disabled": false}, "uktvnow": {"name": "uktvnow", "module": "UKTVNow", "channel": "123", "disabled": false}, "ustvgo": {"name": "ustvgo.tv", "module": "USTVGO", "channel": "FX", "disabled": false}}, "disabled": false}, "USFXMovieChannel": {"name": "FX Movie Channel", "logo": "FX_Movies_white.png", "tvg-id": "", "country": "US", "sources": {"ustvgo": {"name": "ustvgo.tv", "module": "USTVGO", "channel": "FXMovie", "disabled": false}}, "disabled": false}, "USFXX": {"name": "FXX", "logo": "FXX_white.png", "tvg-id": "", "country": "US", "sources": {"rbtv": {"name": "rbtv", "module": "RBTV", "channel": "1287", "disabled": false}, "swift": {"name": "swift", "module": "Swift", "channel": "5-218", "disabled": false}, "tv247": {"name": "tv247us.com", "module": "TV247", "channel": "fxx", "disabled": false}, "uktvnow": {"name": "uktvnow", "module": "UKTVNow", "channel": "603", "disabled": false}, "ustvgo": {"name": "ustvgo.tv", "module": "USTVGO", "channel": "FXX", "disabled": false}}, "disabled": false}, "USGolfChannel": {"name": "Golf Channel", "logo": "golf_white.png", "tvg-id": "", "country": "US", "sources": {"daddylive": {"name": "DaddyLive", "module": "DaddyLive", "channel": "318", "disabled": false}, "123tv": {"name": "123tv.live", "module": "123TV", "channel": "golf-channel", "disabled": false}, "uktvnow": {"name": "uktvnow", "module": "UKTVNow", "channel": "125", "disabled": false}, "ustvgo": {"name": "ustvgo.tv", "module": "USTVGO", "channel": "GOLF", "disabled": false}}, "disabled": false}, "USGameShowNetwork": {"name": "Game Show Network", "logo": "GSN_white.png", "tvg-id": "", "country": "US", "sources": {"daddylive": {"name": "DaddyLive", "module": "DaddyLive", "channel": "319", "disabled": false}, "rbtv": {"name": "rbtv", "module": "RBTV", "channel": "2161", "disabled": false}, "swift": {"name": "swift", "module": "Swift", "channel": "5-249", "disabled": false}, "ustvgo": {"name": "ustvgo.tv", "module": "USTVGO", "channel": "GSN", "disabled": false}}, "disabled": false}, "USHallmarkChannel": {"name": "Hallmark Channel", "logo": "hallmark_channel_white.png", "tvg-id": "", "country": "US", "sources": {"daddylive": {"name": "DaddyLive", "module": "DaddyLive", "channel": "320", "disabled": false}, "rbtv": {"name": "rbtv", "module": "RBTV", "channel": "1282", "disabled": false}, "swift": {"name": "swift", "module": "Swift", "channel": "5-203", "disabled": false}, "tv247": {"name": "tv247us.com", "module": "TV247", "channel": "hallmark", "disabled": false}, "uktvnow": {"name": "uktvnow", "module": "UKTVNow", "channel": "479", "disabled": false}, "ustvgo": {"name": "ustvgo.tv", "module": "USTVGO", "channel": "Hallmark", "disabled": false}}, "disabled": false}, "USHBO": {"name": "HBO", "logo": "hbo_white.png", "tvg-id": "", "country": "US", "sources": {"daddylive": {"name": "DaddyLive", "module": "DaddyLive", "channel": "321", "disabled": false}, "123tv": {"name": "123tv.live", "module": "123TVhbo-02032021", "channel": "", "disabled": false}, "rbtv": {"name": "rbtv", "module": "RBTV", "channel": "2163", "disabled": false}, "swift": {"name": "swift", "module": "Swift", "channel": "5-150", "disabled": false}, "tv247": {"name": "tv247us.com", "module": "TV247", "channel": "hbo", "disabled": false}, "uktvnow": {"name": "uktvnow", "module": "UKTVNow", "channel": "128", "disabled": false}, "ustvgo": {"name": "ustvgo.tv", "module": "USTVGO", "channel": "HBO", "disabled": false}}, "disabled": false}, "USHGTV": {"name": "HGTV", "logo": "hgtv_white.png", "tvg-id": "", "country": "US", "sources": {"123tv": {"name": "123tv.live", "module": "123TV", "channel": "hgtv", "disabled": false}, "rbtv": {"name": "rbtv", "module": "RBTV", "channel": "1255", "disabled": false}, "swift": {"name": "swift", "module": "Swift", "channel": "5-155", "disabled": false}, "tv247": {"name": "tv247us.com", "module": "TV247", "channel": "hgtv", "disabled": false}, "uktvnow": {"name": "uktvnow", "module": "UKTVNow", "channel": "130", "disabled": false}, "ustvgo": {"name": "ustvgo.tv", "module": "USTVGO", "channel": "HGTV", "disabled": false}}, "disabled": false}, "USHistory": {"name": "History", "logo": "history_white.png", "tvg-id": "", "country": "US", "sources": {"daddylive": {"name": "DaddyLive", "module": "DaddyLive", "channel": "322", "disabled": false}, "123tv": {"name": "123tv.live", "module": "123TV", "channel": "history-channel", "disabled": false}, "swift": {"name": "swift", "module": "Swift", "channel": "5-183", "disabled": false}, "tv247": {"name": "tv247us.com", "module": "TV247", "channel": "history", "disabled": false}, "uktvnow": {"name": "uktvnow", "module": "UKTVNow", "channel": "133", "disabled": false}, "ustvgo": {"name": "ustvgo.tv", "module": "USTVGO", "channel": "History", "disabled": false}}, "disabled": false}, "USHLN": {"name": "HLN", "logo": "hln_white.png", "tvg-id": "", "country": "US", "sources": {"daddylive": {"name": "DaddyLive", "module": "DaddyLive", "channel": "323", "disabled": false}, "ustvgo": {"name": "ustvgo.tv", "module": "USTVGO", "channel": "HLN", "disabled": false}}, "disabled": false}, "USHallmarkMovies&Mysteries": {"name": "Hallmark Movies & Mysteries", "logo": "Hallmark_movies_mysteries_white.png", "tvg-id": "", "country": "US", "sources": {"tv247": {"name": "tv247us.com", "module": "TV247", "channel": "hallmarkmm", "disabled": false}, "ustvgo": {"name": "ustvgo.tv", "module": "USTVGO", "channel": "HMM", "disabled": false}}, "disabled": false}, "USInvestigationDiscovery": {"name": "Investigation Discovery", "logo": "investigation_discovery_white.png", "tvg-id": "", "country": "US", "sources": {"daddylive": {"name": "DaddyLive", "module": "DaddyLive", "channel": "324", "disabled": false}, "swift": {"name": "swift", "module": "Swift", "channel": "5-1165", "disabled": false}, "uktvnow": {"name": "uktvnow", "module": "UKTVNow", "channel": "606", "disabled": false}, "ustvgo": {"name": "ustvgo.tv", "module": "USTVGO", "channel": "ID", "disabled": false}}, "disabled": false}, "USIONNewYork": {"name": "ION New York", "logo": "ion_tv_white.png", "tvg-id": "", "country": "US", "sources": {"daddylive": {"name": "DaddyLive", "module": "DaddyLive", "channel": "325", "disabled": false}, "ustvgo": {"name": "ustvgo.tv", "module": "USTVGO", "channel": "IONNY", "disabled": false}}, "disabled": false}, "USLifetime": {"name": "Lifetime", "logo": "lifetime_white.png", "tvg-id": "", "country": "US", "sources": {"123tv": {"name": "123tv.live", "module": "123TV", "channel": "lifetime-tv", "disabled": false}, "rbtv": {"name": "rbtv", "module": "RBTV", "channel": "1257", "disabled": false}, "swift": {"name": "swift", "module": "Swift", "channel": "5-159", "disabled": false}, "uktvnow": {"name": "uktvnow", "module": "UKTVNow", "channel": "146", "disabled": false}, "ustvgo": {"name": "ustvgo.tv", "module": "USTVGO", "channel": "Lifetime", "disabled": false}}, "disabled": false}, "USLifetimeMovieNetwork": {"name": "Lifetime Movie Network", "logo": "lifetime_white.png", "tvg-id": "", "country": "US", "sources": {"daddylive": {"name": "DaddyLive", "module": "DaddyLive", "channel": "326", "disabled": false}, "ustvgo": {"name": "ustvgo.tv", "module": "USTVGO", "channel": "LifetimeM", "disabled": false}}, "disabled": false}, "USLogoTV": {"name": "Logo TV", "logo": "logo_white.png", "tvg-id": "", "country": "US", "sources": {"123tv": {"name": "123tv.live", "module": "123TV", "channel": "logo-tv", "disabled": false}}, "disabled": false}, "USMagnoliaNetwork": {"name": "Magnolia Network", "logo": "diy_network_white.png", "tvg-id": "", "country": "US", "sources": {"123tv": {"name": "123tv.live", "module": "123TV", "channel": "diy-network", "disabled": false}, "rbtv": {"name": "rbtv", "module": "RBTV", "channel": "2159", "disabled": false}, "ustvgo": {"name": "ustvgo.tv", "module": "USTVGO", "channel": "DIY", "disabled": false}}, "disabled": false}, "USMLBNetwork": {"name": "MLB Network", "logo": "mlb_network_white.png", "tvg-id": "", "country": "US", "sources": {"rbtv": {"name": "rbtv", "module": "RBTV", "channel": "1291", "disabled": false}, "swift": {"name": "swift", "module": "Swift", "channel": "5-224", "disabled": false}, "tv247": {"name": "tv247us.com", "module": "TV247", "channel": "mlb", "disabled": false}, "uktvnow": {"name": "uktvnow", "module": "UKTVNow", "channel": "148", "disabled": false}, "ustvgo": {"name": "ustvgo.tv", "module": "USTVGO", "channel": "MLB", "disabled": false}}, "disabled": false}, "USMotorTrend": {"name": "Motor Trend", "logo": "motortrend_white.png", "tvg-id": "", "country": "US", "sources": {"ustvgo": {"name": "ustvgo.tv", "module": "USTVGO", "channel": "MotorTrend", "disabled": false}}, "disabled": false}, "USMSNBC": {"name": "MSNBC", "logo": "msnbc_white.png", "tvg-id": "", "country": "US", "sources": {"daddylive": {"name": "DaddyLive", "module": "DaddyLive", "channel": "327", "disabled": false}, "123tv": {"name": "123tv.live", "module": "123TV", "channel": "msnbc", "disabled": false}, "swift": {"name": "swift", "module": "Swift", "channel": "5-245", "disabled": false}, "tv247": {"name": "tv247us.com", "module": "TV247", "channel": "msnbc", "disabled": false}, "uktvnow": {"name": "uktvnow", "module": "UKTVNow", "channel": "424", "disabled": false}, "ustvgo": {"name": "ustvgo.tv", "module": "USTVGO", "channel": "MSNBC", "disabled": false}}, "disabled": false}, "USMTV": {"name": "MTV", "logo": "mtv_white.png", "tvg-id": "", "country": "US", "sources": {"123tv": {"name": "123tv.live", "module": "123TV", "channel": "mtv", "disabled": false}, "tv247": {"name": "tv247us.com", "module": "TV247", "channel": "mtv", "disabled": false}, "ustvgo": {"name": "ustvgo.tv", "module": "USTVGO", "channel": "MTV", "disabled": false}}, "disabled": false}, "USNasaTV": {"name": "NASA TV", "logo": "nasa_tv_white.png", "tvg-id": "", "country": "US", "sources": {"123tv": {"name": "123tv.live", "module": "123TV", "channel": "nasa-tv", "disabled": false}}, "disabled": false}, "USNationalGeographic": {"name": "National Geographic", "logo": "national_geographic_channel_white.png", "tvg-id": "", "country": "US", "sources": {"daddylive": {"name": "DaddyLive", "module": "DaddyLive", "channel": "328", "disabled": false}, "123tv": {"name": "123tv.live", "module": "123TV", "channel": "national-geographic", "disabled": false}, "swift": {"name": "swift", "module": "Swift", "channel": "5-191", "disabled": false}, "tv247": {"name": "tv247us.com", "module": "TV247", "channel": "nat", "disabled": false}, "uktvnow": {"name": "uktvnow", "module": "UKTVNow", "channel": "158", "disabled": false}, "ustvgo": {"name": "ustvgo.tv", "module": "USTVGO", "channel": "NatGEO", "disabled": false}}, "disabled": false}, "USNatGeoWild": {"name": "Nat Geo Wild", "logo": "nat_geo_wild_white.png", "tvg-id": "", "country": "US", "sources": {"uktvnow": {"name": "uktvnow", "module": "UKTVNow", "channel": "486", "disabled": false}, "ustvgo": {"name": "ustvgo.tv", "module": "USTVGO", "channel": "NatGEOWild", "disabled": false}}, "disabled": false}, "USNBATV": {"name": "NBA TV", "logo": "nba_tv_white.png", "tvg-id": "", "country": "US", "sources": {"123tv": {"name": "123tv.live", "module": "123TV", "channel": "nba-tv-04192021", "disabled": false}, "tv247": {"name": "tv247us.com", "module": "TV247", "channel": "nba", "disabled": false}, "uktvnow": {"name": "uktvnow", "module": "UKTVNow", "channel": "159", "disabled": false}, "ustvgo": {"name": "ustvgo.tv", "module": "USTVGO", "channel": "NBA", "disabled": false}}, "disabled": false}, "USNBC": {"name": "NBC", "logo": "nbc_white.png", "tvg-id": "", "country": "US", "sources": {"daddylive": {"name": "DaddyLive", "module": "DaddyLive", "channel": "53", "disabled": false}, "123tv": {"name": "123tv.live", "module": "123TV", "channel": "nbc-20201017", "disabled": false}, "rbtv": {"name": "rbtv", "module": "RBTV", "channel": "2166", "disabled": false}, "tv247": {"name": "tv247us.com", "module": "TV247", "channel": "nbc", "disabled": false}, "uktvnow": {"name": "uktvnow", "module": "UKTVNow", "channel": "160", "disabled": false}, "ustvgo": {"name": "ustvgo.tv", "module": "USTVGO", "channel": "NBC", "disabled": false}}, "disabled": false}, "USNBC4NewYork": {"name": "NBC 4 New York", "logo": "nbc_white.png", "tvg-id": "", "country": "US", "sources": {"123tv": {"name": "123tv.live", "module": "123TV", "channel": "nbc-20201017", "disabled": false}, "ustvgo": {"name": "ustvgo.tv", "module": "USTVGO", "channel": "NBCNY", "disabled": false}}, "disabled": false}, "USNBCSports": {"name": "NBC Sports", "logo": "nbc_white.png", "tvg-id": "", "country": "US", "sources": {"123tv": {"name": "123tv.live", "module": "123TV", "channel": "nbcsn-20201106", "disabled": false}, "uktvnow": {"name": "uktvnow", "module": "UKTVNow", "channel": "162", "disabled": false}, "ustvgo": {"name": "ustvgo.tv", "module": "USTVGO", "channel": "NBCSN", "disabled": false}}, "disabled": false}, "USNFLNetwork": {"name": "NFL Network", "logo": "NFL_Network_white.png", "tvg-id": "", "country": "US", "sources": {"123tv": {"name": "123tv.live", "module": "123TV", "channel": "nfl-network", "disabled": false}, "tv247": {"name": "tv247us.com", "module": "TV247", "channel": "nfl", "disabled": false}, "uktvnow": {"name": "uktvnow", "module": "UKTVNow", "channel": "164", "disabled": false}, "ustvgo": {"name": "ustvgo.tv", "module": "USTVGO", "channel": "NFL", "disabled": false}}, "disabled": false}, "USNFLRedzone": {"name": "NFL Redzone", "logo": "nfl_redzone_white.png", "tvg-id": "", "country": "US", "sources": {"tv247": {"name": "tv247us.com", "module": "TV247", "channel": "redzone", "disabled": false}, "ustvgo": {"name": "ustvgo.tv", "module": "USTVGO", "channel": "NFLRZ", "disabled": false}}, "disabled": false}, "USNHLNetwork": {"name": "NHL Network", "logo": "The_NHL_Network_white.png", "tvg-id": "", "country": "US", "sources": {"123tv": {"name": "123tv.live", "module": "123TV", "channel": "nhl-network", "disabled": false}, "swift": {"name": "swift", "module": "Swift", "channel": "5-1916", "disabled": false}, "tv247": {"name": "tv247us.com", "module": "TV247", "channel": "nhl", "disabled": false}, "uktvnow": {"name": "uktvnow", "module": "UKTVNow", "channel": "494", "disabled": false}}, "disabled": false}, "USNickelodeon": {"name": "Nickelodeon", "logo": "nickelodeon_white.png", "tvg-id": "", "country": "US", "sources": {"daddylive": {"name": "DaddyLive", "module": "DaddyLive", "channel": "330", "disabled": false}, "123tv": {"name": "123tv.live", "module": "123TV", "channel": "nickelodeon", "disabled": false}, "tv247": {"name": "tv247us.com", "module": "TV247", "channel": "nickelodeon", "disabled": false}, "uktvnow": {"name": "uktvnow", "module": "UKTVNow", "channel": "167", "disabled": false}, "ustvgo": {"name": "ustvgo.tv", "module": "USTVGO", "channel": "Nickelodeon", "disabled": false}}, "disabled": false}, "USNicktoons": {"name": "Nicktoons", "logo": "nicktoons_white.png", "tvg-id": "", "country": "US", "sources": {"swift": {"name": "swift", "module": "Swift", "channel": "5-1857", "disabled": false}, "tv247": {"name": "tv247us.com", "module": "TV247", "channel": "nnicktoons", "disabled": false}, "uktvnow": {"name": "uktvnow", "module": "UKTVNow", "channel": "489", "disabled": false}, "ustvgo": {"name": "ustvgo.tv", "module": "USTVGO", "channel": "Nicktoons", "disabled": false}}, "disabled": false}, "USTeenNick": {"name": "Teen Nick", "logo": "teennick_white.png", "tvg-id": "", "country": "US", "sources": {"swift": {"name": "swift", "module": "Swift", "channel": "5-1858", "disabled": false}, "ustvgo": {"name": "ustvgo.tv", "module": "USTVGO", "channel": "TeenNick", "disabled": false}}, "disabled": false}, "USNickJunior": {"name": "Nick Junior", "logo": "nick_jr_white.png", "tvg-id": "", "country": "US", "sources": {"daddylive": {"name": "DaddyLive", "module": "DaddyLive", "channel": "329", "disabled": false}}, "disabled": false}, "USOneAmericaNewsNetwork": {"name": "One America News Network", "logo": "oan_white.png", "tvg-id": "", "country": "US", "sources": {"ustvgo": {"name": "ustvgo.tv", "module": "USTVGO", "channel": "OAN", "disabled": false}}, "disabled": false}, "USOprahWinfreyNetwork": {"name": "Oprah Winfrey Network (OWN)", "logo": "oprah_winfrey_network_white.png", "tvg-id": "", "country": "US", "sources": {"daddylive": {"name": "DaddyLive", "module": "DaddyLive", "channel": "3231", "disabled": false}, "swift": {"name": "swift", "module": "Swift", "channel": "5-201", "disabled": false}, "uktvnow": {"name": "uktvnow", "module": "UKTVNow", "channel": "639", "disabled": false}, "ustvgo": {"name": "ustvgo.tv", "module": "USTVGO", "channel": "OWN", "disabled": false}}, "disabled": false}, "USOlympicChannel": {"name": "Olympic Channel", "logo": "Olympic_Channel_white.png", "tvg-id": "", "country": "US", "sources": {"ustvgo": {"name": "ustvgo.tv", "module": "USTVGO", "channel": "OLY", "disabled": false}}, "disabled": false}, "USOxygen": {"name": "Oxygen", "logo": "oxygen_white.png", "tvg-id": "", "country": "US", "sources": {"daddylive": {"name": "DaddyLive", "module": "DaddyLive", "channel": "332", "disabled": false}, "123tv": {"name": "123tv.live", "module": "123TV", "channel": "oxygen", "disabled": false}, "tv247": {"name": "tv247us.com", "module": "TV247", "channel": "oxygen", "disabled": false}, "ustvgo": {"name": "ustvgo.tv", "module": "USTVGO", "channel": "Oxygen", "disabled": false}}, "disabled": false}, "USParamount": {"name": "Paramount", "logo": "paramount_white.png", "tvg-id": "", "country": "US", "sources": {"daddylive": {"name": "DaddyLive", "module": "DaddyLive", "channel": "334", "disabled": false}, "swift": {"name": "swift", "module": "Swift", "channel": "5-1845", "disabled": false}, "uktvnow": {"name": "uktvnow", "module": "UKTVNow", "channel": "677", "disabled": false}, "ustvgo": {"name": "ustvgo.tv", "module": "USTVGO", "channel": "Paramount", "disabled": false}}, "disabled": false}, "USPBS": {"name": "PBS", "logo": "pbs_white.png", "tvg-id": "", "country": "US", "sources": {"uktvnow": {"name": "uktvnow", "module": "UKTVNow", "channel": "169", "disabled": false}, "ustvgo": {"name": "ustvgo.tv", "module": "USTVGO", "channel": "PBS", "disabled": false}}, "disabled": false}, "USPOP": {"name": "POP", "logo": "Pop_TV_white.png", "tvg-id": "", "country": "US", "sources": {"ustvgo": {"name": "ustvgo.tv", "module": "USTVGO", "channel": "POP", "disabled": false}}, "disabled": false}, "USReelzChannel": {"name": "Reelz Channel", "logo": "reelz_channel_white.png", "tvg-id": "", "country": "US", "sources": {"ustvgo": {"name": "ustvgo.tv", "module": "USTVGO", "channel": "Reelz", "disabled": false}}, "disabled": false}, "USPAC12Network": {"name": "PAC 12 Network", "logo": "", "tvg-id": "", "country": "US", "sources": {"swift": {"name": "swift", "module": "Swift", "channel": "5-1920", "disabled": false}}, "disabled": false}, "USPAC12Arizona": {"name": "PAC 12 Arizona", "logo": "", "tvg-id": "", "country": "US", "sources": {"swift": {"name": "swift", "module": "Swift", "channel": "5-1923", "disabled": false}}, "disabled": false}, "USPAC12BayArea": {"name": "PAC 12 Bay Area", "logo": "", "tvg-id": "", "country": "US", "sources": {"swift": {"name": "swift", "module": "Swift", "channel": "5-1924", "disabled": false}}, "disabled": false}, "USPAC12LosAngeles": {"name": "PAC 12 Los Angeles", "logo": "", "tvg-id": "", "country": "US", "sources": {"swift": {"name": "swift", "module": "Swift", "channel": "5-1921", "disabled": false}}, "disabled": false}, "USPAC12Mountain": {"name": "PAC 12 Mountain", "logo": "", "tvg-id": "", "country": "US", "sources": {}, "disabled": false}, "USPAC12Oregon": {"name": "PAC 12 Oregon", "logo": "", "tvg-id": "", "country": "US", "sources": {"swift": {"name": "swift", "module": "Swift", "channel": "5-1922", "disabled": false}}, "disabled": false}, "USPAC12Washington": {"name": "PAC 12 Washington", "logo": "", "tvg-id": "", "country": "US", "sources": {"swift": {"name": "swift", "module": "Swift", "channel": "5-1919", "disabled": false}}, "disabled": false}, "USSECNetwork": {"name": "SEC Network", "logo": "SEC_Network_white.png", "tvg-id": "", "country": "US", "sources": {"123tv": {"name": "123tv.live", "module": "123TV", "channel": "sec-network", "disabled": false}, "swift": {"name": "swift", "module": "Swift", "channel": "5-222", "disabled": false}, "tv247": {"name": "tv247us.com", "module": "TV247", "channel": "sec", "disabled": false}, "ustvgo": {"name": "ustvgo.tv", "module": "USTVGO", "channel": "SECN", "disabled": false}}, "disabled": false}, "USShowtime": {"name": "Showtime", "logo": "showtime_white.png", "tvg-id": "", "country": "US", "sources": {"daddylive": {"name": "DaddyLive", "module": "DaddyLive", "channel": "333", "disabled": false}, "123tv": {"name": "123tv.live", "module": "123TV", "channel": "showtime", "disabled": false}, "rbtv": {"name": "rbtv", "module": "RBTV", "channel": "1268", "disabled": false}, "swift": {"name": "swift", "module": "Swift", "channel": "5-180", "disabled": false}, "tv247": {"name": "tv247us.com", "module": "TV247", "channel": "showtime", "disabled": false}, "uktvnow": {"name": "uktvnow", "module": "UKTVNow", "channel": "472", "disabled": false}, "ustvgo": {"name": "ustvgo.tv", "module": "USTVGO", "channel": "Showtime", "disabled": false}}, "disabled": false}, "USShowtime2": {"name": "Showtime 2", "logo": "showtime2_white.png", "tvg-id": "", "country": "US", "sources": {"uktvnow": {"name": "uktvnow", "module": "UKTVNow", "channel": "473", "disabled": false}}, "disabled": false}, "USShowtimeShowcase": {"name": "Showtime Showcase", "logo": "showtime_showcase_white.png", "tvg-id": "", "country": "US", "sources": {"uktvnow": {"name": "uktvnow", "module": "UKTVNow", "channel": "475", "disabled": false}}, "disabled": false}, "USShowtimeWest": {"name": "Showtime West", "logo": "showtime_west_white.png", "tvg-id": "", "country": "US", "sources": {"rbtv": {"name": "rbtv", "module": "RBTV", "channel": "2168", "disabled": false}}, "disabled": false}, "USSpike": {"name": "Spike", "logo": "spike_tv_white.png", "tvg-id": "", "country": "US", "sources": {"123tv": {"name": "123tv.live", "module": "123TV", "channel": "paramount-network-spike", "disabled": false}, "rbtv": {"name": "rbtv", "module": "RBTV", "channel": "1256", "disabled": false}, "swift": {"name": "swift", "module": "Swift", "channel": "5-157", "disabled": false}}, "disabled": false}, "US5USAChannel": {"name": "5 USA Channel", "logo": "usa_network_white.png", "tvg-id": "", "country": "US", "sources": {"daddylive": {"name": "DaddyLive", "module": "DaddyLive", "channel": "305", "disabled": false}}, "disabled": false}, "USStarZ": {"name": "StarZ", "logo": "starz_white.png", "tvg-id": "", "country": "US", "sources": {"daddylive": {"name": "DaddyLive", "module": "DaddyLive", "channel": "335", "disabled": false}, "123tv": {"name": "123tv.live", "module": "123TV", "channel": "starz", "disabled": false}, "rbtv": {"name": "rbtv", "module": "RBTV", "channel": "1261", "disabled": false}, "swift": {"name": "swift", "module": "Swift", "channel": "5-166", "disabled": false}, "uktvnow": {"name": "uktvnow", "module": "UKTVNow", "channel": "602", "disabled": false}, "ustvgo": {"name": "ustvgo.tv", "module": "USTVGO", "channel": "StarZ", "disabled": false}}, "disabled": false}, "USStarZCinema": {"name": "StarZ Cinema", "logo": "starz_cinema_white.png", "tvg-id": "", "country": "US", "sources": {"uktvnow": {"name": "uktvnow", "module": "UKTVNow", "channel": "482", "disabled": false}}, "disabled": false}, "USStarZComedy": {"name": "StarZ Comedy", "logo": "starz_comedy_white.png", "tvg-id": "", "country": "US", "sources": {"uktvnow": {"name": "uktvnow", "module": "UKTVNow", "channel": "483", "disabled": false}}, "disabled": false}, "USStarZWest": {"name": "StarZ West", "logo": "Starz_West_white.png", "tvg-id": "", "country": "US", "sources": {"rbtv": {"name": "rbtv", "module": "RBTV", "channel": "1262", "disabled": false}, "swift": {"name": "swift", "module": "Swift", "channel": "5-168", "disabled": false}}, "disabled": false}, "USSundanceTV": {"name": "SundanceTV", "logo": "sundancetv_white.png", "tvg-id": "", "country": "US", "sources": {"rbtv": {"name": "rbtv", "module": "RBTV", "channel": "1286", "disabled": false}, "swift": {"name": "swift", "module": "Swift", "channel": "5-216", "disabled": false}, "uktvnow": {"name": "uktvnow", "module": "UKTVNow", "channel": "676", "disabled": false}, "ustvgo": {"name": "ustvgo.tv", "module": "USTVGO", "channel": "SundanceTV", "disabled": false}}, "disabled": false}, "USSYFY": {"name": "SYFY", "logo": "syfy_white.png", "tvg-id": "", "country": "US", "sources": {"123tv": {"name": "123tv.live", "module": "123TV", "channel": "syfy", "disabled": false}, "rbtv": {"name": "rbtv", "module": "RBTV", "channel": "1247", "disabled": false}, "swift": {"name": "swift", "module": "Swift", "channel": "5-134", "disabled": false}, "tv247": {"name": "tv247us.com", "module": "TV247", "channel": "syfy", "disabled": false}, "uktvnow": {"name": "uktvnow", "module": "UKTVNow", "channel": "221", "disabled": false}, "ustvgo": {"name": "ustvgo.tv", "module": "USTVGO", "channel": "SYFY", "disabled": false}}, "disabled": false}, "USTBS": {"name": "TBS", "logo": "TBS_white.png", "tvg-id": "", "country": "US", "sources": {"daddylive": {"name": "DaddyLive", "module": "DaddyLive", "channel": "336", "disabled": false}, "123tv": {"name": "123tv.live", "module": "123TV", "channel": "tbs", "disabled": false}, "rbtv": {"name": "rbtv", "module": "RBTV", "channel": "1271", "disabled": false}, "swift": {"name": "swift", "module": "Swift", "channel": "5-185", "disabled": false}, "tv247": {"name": "tv247us.com", "module": "TV247", "channel": "tbs", "disabled": false}, "uktvnow": {"name": "uktvnow", "module": "UKTVNow", "channel": "222", "disabled": false}, "ustvgo": {"name": "ustvgo.tv", "module": "USTVGO", "channel": "TBS", "disabled": false}}, "disabled": false}, "USTurnerClassicMovies": {"name": "Turner Classic Movies", "logo": "tcm_white.png", "tvg-id": "", "country": "US", "sources": {"ustvgo": {"name": "ustvgo.tv", "module": "USTVGO", "channel": "TCM", "disabled": false}}, "disabled": false}, "USTelemundo": {"name": "Telemundo", "logo": "telemundo_white.png", "tvg-id": "", "country": "US", "sources": {"daddylive": {"name": "DaddyLive", "module": "DaddyLive", "channel": "131", "disabled": false}, "ustvgo": {"name": "ustvgo.tv", "module": "USTVGO", "channel": "Telemundo", "disabled": false}}, "disabled": false}, "USTennisChannel": {"name": "Tennis Channel", "logo": "tennis_channel_white.png", "tvg-id": "", "country": "US", "sources": {"daddylive": {"name": "DaddyLive", "module": "DaddyLive", "channel": "40", "disabled": false}, "swift": {"name": "swift", "module": "Swift", "channel": "5-241", "disabled": false}, "uktvnow": {"name": "uktvnow", "module": "UKTVNow", "channel": "306", "disabled": false}, "ustvgo": {"name": "ustvgo.tv", "module": "USTVGO", "channel": "Tennis", "disabled": false}}, "disabled": false}, "USTLC": {"name": "TLC", "logo": "TLC_Logo_white.png", "tvg-id": "", "country": "US", "sources": {"daddylive": {"name": "DaddyLive", "module": "DaddyLive", "channel": "337", "disabled": false}, "123tv": {"name": "123tv.live", "module": "123TV", "channel": "tlc", "disabled": false}, "rbtv": {"name": "rbtv", "module": "RBTV", "channel": "1283", "disabled": false}, "swift": {"name": "swift", "module": "Swift", "channel": "5-204", "disabled": false}, "tv247": {"name": "tv247us.com", "module": "TV247", "channel": "tlc", "disabled": false}, "uktvnow": {"name": "uktvnow", "module": "UKTVNow", "channel": "307", "disabled": false}, "ustvgo": {"name": "ustvgo.tv", "module": "USTVGO", "channel": "TLC", "disabled": false}}, "disabled": false}, "USTNT": {"name": "TNT", "logo": "tnt_white.png", "tvg-id": "", "country": "US", "sources": {"daddylive": {"name": "DaddyLive", "module": "DaddyLive", "channel": "338", "disabled": false}, "123tv": {"name": "123tv.live", "module": "123TV", "channel": "tnt", "disabled": false}, "rbtv": {"name": "rbtv", "module": "RBTV", "channel": "1258", "disabled": false}, "swift": {"name": "swift", "module": "Swift", "channel": "5-161", "disabled": false}, "tv247": {"name": "tv247us.com", "module": "TV247", "channel": "tnt", "disabled": false}, "uktvnow": {"name": "uktvnow", "module": "UKTVNow", "channel": "228", "disabled": false}, "ustvgo": {"name": "ustvgo.tv", "module": "USTVGO", "channel": "TNT", "disabled": false}}, "disabled": false}, "USTravelChannel": {"name": "Travel Channel", "logo": "travel_ch_white.png", "tvg-id": "", "country": "US", "sources": {"daddylive": {"name": "DaddyLive", "module": "DaddyLive", "channel": "340", "disabled": false}, "123tv": {"name": "123tv.live", "module": "123TV", "channel": "travel-channel", "disabled": false}, "rbtv": {"name": "rbtv", "module": "RBTV", "channel": "1294", "disabled": false}, "swift": {"name": "swift", "module": "Swift", "channel": "5-239", "disabled": false}, "tv247": {"name": "tv247us.com", "module": "TV247", "channel": "travel", "disabled": false}, "uktvnow": {"name": "uktvnow", "module": "UKTVNow", "channel": "786", "disabled": false}, "ustvgo": {"name": "ustvgo.tv", "module": "USTVGO", "channel": "Travel", "disabled": false}}, "disabled": false}, "UStruTV": {"name": "truTV", "logo": "trutv_white.png", "tvg-id": "", "country": "US", "sources": {"daddylive": {"name": "DaddyLive", "module": "DaddyLive", "channel": "341", "disabled": false}, "123tv": {"name": "123tv.live", "module": "123TV", "channel": "trutv", "disabled": false}, "ustvgo": {"name": "ustvgo.tv", "module": "USTVGO", "channel": "TruTV", "disabled": false}}, "disabled": false}, "USTVLand": {"name": "TV Land", "logo": "tv_land_white.png", "tvg-id": "", "country": "US", "sources": {"daddylive": {"name": "DaddyLive", "module": "DaddyLive", "channel": "342", "disabled": false}, "123tv": {"name": "123tv.live", "module": "123TV", "channel": "tvland", "disabled": false}, "swift": {"name": "swift", "module": "Swift", "channel": "5-237", "disabled": false}, "ustvgo": {"name": "ustvgo.tv", "module": "USTVGO", "channel": "TVLand", "disabled": false}}, "disabled": false}, "USTheWeatherChannel": {"name": "The Weather Channel", "logo": "the_weather_channel_white.png", "tvg-id": "", "country": "US", "sources": {"123tv": {"name": "123tv.live", "module": "123TV", "channel": "the-weather-channel", "disabled": false}, "rbtv": {"name": "rbtv", "module": "RBTV", "channel": "2156", "disabled": false}, "ustvgo": {"name": "ustvgo.tv", "module": "USTVGO", "channel": "TWC", "disabled": false}}, "disabled": false}, "USUnivision": {"name": "Univision", "logo": "univision_white.png", "tvg-id": "", "country": "US", "sources": {"daddylive": {"name": "DaddyLive", "module": "DaddyLive", "channel": "132", "disabled": false}, "ustvgo": {"name": "ustvgo.tv", "module": "USTVGO", "channel": "Univision", "disabled": false}}, "disabled": false}, "USUSANetwork": {"name": "USA Network", "logo": "usa_network_white.png", "tvg-id": "", "country": "US", "sources": {"daddylive": {"name": "DaddyLive", "module": "DaddyLive", "channel": "343", "disabled": false}, "123tv": {"name": "123tv.live", "module": "123TV", "channel": "usa-network", "disabled": false}, "rbtv": {"name": "rbtv", "module": "RBTV", "channel": "1246", "disabled": false}, "swift": {"name": "swift", "module": "Swift", "channel": "5-132", "disabled": false}, "tv247": {"name": "tv247us.com", "module": "TV247", "channel": "usanw", "disabled": false}, "uktvnow": {"name": "uktvnow", "module": "UKTVNow", "channel": "238", "disabled": false}, "ustvgo": {"name": "ustvgo.tv", "module": "USTVGO", "channel": "USANetwork", "disabled": false}}, "disabled": false}, "USVH1": {"name": "VH1", "logo": "vh1_soul_white.png", "tvg-id": "", "country": "US", "sources": {"daddylive": {"name": "DaddyLive", "module": "DaddyLive", "channel": "344", "disabled": false}, "123tv": {"name": "123tv.live", "module": "123TV", "channel": "vh1", "disabled": false}, "rbtv": {"name": "rbtv", "module": "RBTV", "channel": "1289", "disabled": false}, "swift": {"name": "swift", "module": "Swift", "channel": "5-219", "disabled": false}, "tv247": {"name": "tv247us.com", "module": "TV247", "channel": "vh1", "disabled": false}, "uktvnow": {"name": "uktvnow", "module": "UKTVNow", "channel": "607", "disabled": false}, "ustvgo": {"name": "ustvgo.tv", "module": "USTVGO", "channel": "VH1", "disabled": false}}, "disabled": false}, "USLonghornNetwork": {"name": "Longhorn Network", "logo": "", "tvg-id": "", "country": "US", "sources": {"tv247": {"name": "tv247us.com", "module": "TV247", "channel": "lhn", "disabled": false}}, "disabled": false}, "USVoiceOfAmerica": {"name": "Voice of America", "logo": "Voice_of_America_white.png", "tvg-id": "", "country": "US", "sources": {"123tv": {"name": "123tv.live", "module": "123TV", "channel": "voice-of-america-voa", "disabled": false}}, "disabled": false}, "USWeTV": {"name": "We TV", "logo": "we_white.png", "tvg-id": "", "country": "US", "sources": {"swift": {"name": "swift", "module": "Swift", "channel": "5-1838", "disabled": false}, "ustvgo": {"name": "ustvgo.tv", "module": "USTVGO", "channel": "WETV", "disabled": false}}, "disabled": false}, "USWWENetwork": {"name": "WWE Network", "logo": "world_wrestling_entertainment_white.png", "tvg-id": "", "country": "US", "sources": {"123tv": {"name": "123tv.live", "module": "123TV", "channel": "wwe-network", "disabled": false}, "rbtv": {"name": "rbtv", "module": "RBTV", "channel": "Wwenetwork30", "disabled": false}, "uktvnow": {"name": "uktvnow", "module": "UKTVNow", "channel": "241", "disabled": false}, "ustvgo": {"name": "ustvgo.tv", "module": "USTVGO", "channel": "WWE", "disabled": false}}, "disabled": false}, "USYESNetwork": {"name": "YES Network", "logo": "yes_white.png", "tvg-id": "", "country": "US", "sources": {"ustvgo": {"name": "ustvgo.tv", "module": "USTVGO", "channel": "YES", "disabled": false}}, "disabled": false}, "USWeatherNation": {"name": "Weather Nation", "logo": "weather_nation_white.png", "tvg-id": "", "country": "US", "sources": {"123tv": {"name": "123tv.live", "module": "123TV", "channel": "weathernation-tv", "disabled": false}}, "disabled": false}, "UK4seven": {"name": "4seven", "logo": "https://rocktalk.net/tv/images/channel_imgs/201217101744477.jpeg", "tvg-id": "", "country": "UK", "sources": {"uktvnow": {"name": "uktvnow", "module": "UKTVNow", "channel": "501", "disabled": false}}, "disabled": false}, "UK5usa": {"name": "5usa", "logo": "https://rocktalk.net/tv/images/channel_imgs/2012171018385usa.jpg", "tvg-id": "", "country": "UK", "sources": {"uktvnow": {"name": "uktvnow", "module": "UKTVNow", "channel": "502", "disabled": false}}, "disabled": false}, "UKAlibi": {"name": "Alibi", "logo": "https://rocktalk.net/tv/images/channel_imgs/160116113611li.png", "tvg-id": "", "country": "UK", "sources": {"uktvnow": {"name": "uktvnow", "module": "UKTVNow", "channel": "27", "disabled": false}}, "disabled": false}, "UKAMC.": {"name": "AMC.", "logo": "https://rocktalk.net/tv/images/channel_imgs/201217101152amc.png", "tvg-id": "", "country": "UK", "sources": {"uktvnow": {"name": "uktvnow", "module": "UKTVNow", "channel": "496", "disabled": false}}, "disabled": false}, "UKAnimalPlanet": {"name": "Animal Planet", "logo": "https://rocktalk.net/tv/images/channel_imgs/160116113807animal.PNG", "tvg-id": "", "country": "UK", "sources": {"uktvnow": {"name": "uktvnow", "module": "UKTVNow", "channel": "30", "disabled": false}}, "disabled": false}, "UKAttheraces": {"name": "At the races", "logo": "https://rocktalk.net/tv/images/channel_imgs/160116114320at.jpg", "tvg-id": "", "country": "UK", "sources": {"uktvnow": {"name": "uktvnow", "module": "UKTVNow", "channel": "41", "disabled": false}}, "disabled": false}, "UKBBCEntertainment": {"name": "BBC Entertainment", "logo": "https://rocktalk.net/tv/images/channel_imgs/070216060150bbc_entertainment_logo.jpg", "tvg-id": "", "country": "UK", "sources": {"uktvnow": {"name": "uktvnow", "module": "UKTVNow", "channel": "248", "disabled": false}}, "disabled": false}, "UKBBCFour": {"name": "BBC Four", "logo": "https://rocktalk.net/tv/images/channel_imgs/160116114416bb.gif", "tvg-id": "", "country": "UK", "sources": {"uktvnow": {"name": "uktvnow", "module": "UKTVNow", "channel": "43", "disabled": false}}, "disabled": false}, "UKBBCNews": {"name": "BBC News", "logo": "https://rocktalk.net/tv/images/channel_imgs/160116114840bbcnew.jpg", "tvg-id": "", "country": "UK", "sources": {"uktvnow": {"name": "uktvnow", "module": "UKTVNow", "channel": "47", "disabled": false}}, "disabled": false}, "UKBBCOne": {"name": "BBC One", "logo": "https://rocktalk.net/tv/images/channel_imgs/160116114707bbc1.jpg", "tvg-id": "", "country": "UK", "sources": {"uktvnow": {"name": "uktvnow", "module": "UKTVNow", "channel": "44", "disabled": false}}, "disabled": false}, "UKBBCTwo": {"name": "BBC Two", "logo": "https://rocktalk.net/tv/images/channel_imgs/160116114814bbc2.png", "tvg-id": "", "country": "UK", "sources": {"uktvnow": {"name": "uktvnow", "module": "UKTVNow", "channel": "46", "disabled": false}}, "disabled": false}, "UKBloomberg": {"name": "Bloomberg", "logo": "https://rocktalk.net/tv/images/channel_imgs/160116115318bl.jpg", "tvg-id": "", "country": "UK", "sources": {"uktvnow": {"name": "uktvnow", "module": "UKTVNow", "channel": "54", "disabled": false}}, "disabled": false}, "UKBoxNation": {"name": "Box Nation", "logo": "https://rocktalk.net/tv/images/channel_imgs/160116115340box.jpg", "tvg-id": "", "country": "UK", "sources": {"uktvnow": {"name": "uktvnow", "module": "UKTVNow", "channel": "55", "disabled": false}}, "disabled": false}, "UKBtsport1": {"name": "Bt sport 1", "logo": "https://rocktalk.net/tv/images/channel_imgs/160116115523bt1.jpg", "tvg-id": "", "country": "UK", "sources": {"uktvnow": {"name": "uktvnow", "module": "UKTVNow", "channel": "59", "disabled": false}}, "disabled": false}, "UKBtsport2": {"name": "Bt sport 2", "logo": "https://rocktalk.net/tv/images/channel_imgs/160116115549bt2.jpg", "tvg-id": "", "country": "UK", "sources": {"uktvnow": {"name": "uktvnow", "module": "UKTVNow", "channel": "60", "disabled": false}}, "disabled": false}, "UKBTsport3": {"name": "BT sport 3", "logo": "https://rocktalk.net/tv/images/channel_imgs/270916013607bt3.png", "tvg-id": "", "country": "UK", "sources": {"uktvnow": {"name": "uktvnow", "module": "UKTVNow", "channel": "298", "disabled": false}}, "disabled": false}, "UKBTSportboxoffice": {"name": "BT Sport box office", "logo": "https://rocktalk.net/tv/images/channel_imgs/101219032704box.jpg", "tvg-id": "", "country": "UK", "sources": {"uktvnow": {"name": "uktvnow", "module": "UKTVNow", "channel": "821", "disabled": false}}, "disabled": false}, "UKBTSportESPN": {"name": "BT Sport ESPN", "logo": "https://rocktalk.net/tv/images/channel_imgs/130216115545BT-Sport-ESPN.png", "tvg-id": "", "country": "UK", "sources": {"uktvnow": {"name": "uktvnow", "module": "UKTVNow", "channel": "107", "disabled": false}}, "disabled": false}, "UKCartoonNetwork": {"name": "Cartoon Network", "logo": "https://rocktalk.net/tv/images/channel_imgs/160116115659cn.png", "tvg-id": "", "country": "UK", "sources": {"uktvnow": {"name": "uktvnow", "module": "UKTVNow", "channel": "62", "disabled": false}}, "disabled": false}, "UKCBBC": {"name": "CBBC", "logo": "https://rocktalk.net/tv/images/channel_imgs/080218021823cb.png", "tvg-id": "", "country": "UK", "sources": {"uktvnow": {"name": "uktvnow", "module": "UKTVNow", "channel": "45", "disabled": false}}, "disabled": false}, "UKCbeebies": {"name": "Cbeebies", "logo": "https://rocktalk.net/tv/images/channel_imgs/201217101342cbee.png", "tvg-id": "", "country": "UK", "sources": {"uktvnow": {"name": "uktvnow", "module": "UKTVNow", "channel": "498", "disabled": false}}, "disabled": false}, "UKCBSAction": {"name": "CBS Action", "logo": "https://rocktalk.net/tv/images/channel_imgs/160116115815cbsac.gif", "tvg-id": "", "country": "UK", "sources": {"uktvnow": {"name": "uktvnow", "module": "UKTVNow", "channel": "65", "disabled": false}}, "disabled": false}, "UKCBSDrama": {"name": "CBS Drama", "logo": "https://rocktalk.net/tv/images/channel_imgs/160116115841cbsd.jpg", "tvg-id": "", "country": "UK", "sources": {"uktvnow": {"name": "uktvnow", "module": "UKTVNow", "channel": "66", "disabled": false}}, "disabled": false}, "UKCBSReality": {"name": "CBS Reality", "logo": "https://rocktalk.net/tv/images/channel_imgs/160116115930cbsr.jpg", "tvg-id": "", "country": "UK", "sources": {"uktvnow": {"name": "uktvnow", "module": "UKTVNow", "channel": "68", "disabled": false}}, "disabled": false}, "UKCeltictv": {"name": "Celtic tv", "logo": "https://rocktalk.net/tv/images/channel_imgs/250118032637cel.png", "tvg-id": "", "country": "UK", "sources": {"uktvnow": {"name": "uktvnow", "module": "UKTVNow", "channel": "619", "disabled": false}}, "disabled": false}, "UKChallenge": {"name": "Challenge", "logo": "https://rocktalk.net/tv/images/channel_imgs/250118040131chal.png", "tvg-id": "", "country": "UK", "sources": {"uktvnow": {"name": "uktvnow", "module": "UKTVNow", "channel": "642", "disabled": false}}, "disabled": false}, "UKChannel4": {"name": "Channel 4", "logo": "https://rocktalk.net/tv/images/channel_imgs/160116120342ch44.jpg", "tvg-id": "", "country": "UK", "sources": {"uktvnow": {"name": "uktvnow", "module": "UKTVNow", "channel": "77", "disabled": false}}, "disabled": false}, "UKChannel5": {"name": "Channel 5", "logo": "https://rocktalk.net/tv/images/channel_imgs/29091604580355.jpg", "tvg-id": "", "country": "UK", "sources": {"uktvnow": {"name": "uktvnow", "module": "UKTVNow", "channel": "299", "disabled": false}}, "disabled": false}, "UKComedyCentral": {"name": "Comedy Central", "logo": "https://rocktalk.net/tv/images/channel_imgs/160116011001comedy.png", "tvg-id": "", "country": "UK", "sources": {"uktvnow": {"name": "uktvnow", "module": "UKTVNow", "channel": "84", "disabled": false}}, "disabled": false}, "UKComedycentralextra": {"name": "Comedy central extra", "logo": "https://rocktalk.net/tv/images/channel_imgs/250118040645cooo.png", "tvg-id": "", "country": "UK", "sources": {"uktvnow": {"name": "uktvnow", "module": "UKTVNow", "channel": "647", "disabled": false}}, "disabled": false}, "UKCrimeinvestigation": {"name": "Crime investigation", "logo": "https://rocktalk.net/tv/images/channel_imgs/250118033123crim.png", "tvg-id": "", "country": "UK", "sources": {"uktvnow": {"name": "uktvnow", "module": "UKTVNow", "channel": "623", "disabled": false}}, "disabled": false}, "UKDave": {"name": "Dave", "logo": "https://rocktalk.net/tv/images/channel_imgs/160116011221dave.jpg", "tvg-id": "", "country": "UK", "sources": {"uktvnow": {"name": "uktvnow", "module": "UKTVNow", "channel": "88", "disabled": false}}, "disabled": false}, "UKDiscovery": {"name": "Discovery", "logo": "https://rocktalk.net/tv/images/channel_imgs/160116011400disc.jpg", "tvg-id": "", "country": "UK", "sources": {"uktvnow": {"name": "uktvnow", "module": "UKTVNow", "channel": "91", "disabled": false}}, "disabled": false}, "UKDiscoveryHistory": {"name": "Discovery History", "logo": "https://rocktalk.net/tv/images/channel_imgs/160116011615disht.jpg", "tvg-id": "", "country": "UK", "sources": {"uktvnow": {"name": "uktvnow", "module": "UKTVNow", "channel": "92", "disabled": false}}, "disabled": false}, "UKDiscoveryScience": {"name": "Discovery Science", "logo": "https://rocktalk.net/tv/images/channel_imgs/160116011644dissc.png", "tvg-id": "", "country": "UK", "sources": {"uktvnow": {"name": "uktvnow", "module": "UKTVNow", "channel": "93", "disabled": false}}, "disabled": false}, "UKDiscoveryShed": {"name": "Discovery Shed", "logo": "https://rocktalk.net/tv/images/channel_imgs/070216081748150px-Discovery_Shed.png", "tvg-id": "", "country": "UK", "sources": {"uktvnow": {"name": "uktvnow", "module": "UKTVNow", "channel": "268", "disabled": false}}, "disabled": false}, "UKDiscoveryTurbo": {"name": "Discovery Turbo", "logo": "https://rocktalk.net/tv/images/channel_imgs/070216081612turb.jpg", "tvg-id": "", "country": "UK", "sources": {"uktvnow": {"name": "uktvnow", "module": "UKTVNow", "channel": "267", "disabled": false}}, "disabled": false}, "UKDisney": {"name": "Disney", "logo": "https://rocktalk.net/tv/images/channel_imgs/160116012005disnep.jpg", "tvg-id": "", "country": "UK", "sources": {"uktvnow": {"name": "uktvnow", "module": "UKTVNow", "channel": "95", "disabled": false}}, "disabled": false}, "UKDisneyJunior": {"name": "Disney Junior", "logo": "https://rocktalk.net/tv/images/channel_imgs/160116014600disj.jpg", "tvg-id": "", "country": "UK", "sources": {"uktvnow": {"name": "uktvnow", "module": "UKTVNow", "channel": "96", "disabled": false}}, "disabled": false}, "UKDisneyXD": {"name": "Disney XD", "logo": "https://rocktalk.net/tv/images/channel_imgs/070216061240disneyxd.png", "tvg-id": "", "country": "UK", "sources": {"uktvnow": {"name": "uktvnow", "module": "UKTVNow", "channel": "250", "disabled": false}}, "disabled": false}, "UKDmax": {"name": "Dmax", "logo": "https://rocktalk.net/tv/images/channel_imgs/160116014633dmax.png", "tvg-id": "", "country": "UK", "sources": {"uktvnow": {"name": "uktvnow", "module": "UKTVNow", "channel": "97", "disabled": false}}, "disabled": false}, "UKDrama": {"name": "Drama", "logo": "https://rocktalk.net/tv/images/channel_imgs/160116014708drama.jpg", "tvg-id": "", "country": "UK", "sources": {"uktvnow": {"name": "uktvnow", "module": "UKTVNow", "channel": "98", "disabled": false}}, "disabled": false}, "UKE": {"name": "E", "logo": "https://rocktalk.net/tv/images/channel_imgs/160116014852en.png", "tvg-id": "", "country": "UK", "sources": {"uktvnow": {"name": "uktvnow", "module": "UKTVNow", "channel": "99", "disabled": false}}, "disabled": false}, "UKE4": {"name": "E4", "logo": "https://rocktalk.net/tv/images/channel_imgs/160116014921e4.jpg", "tvg-id": "", "country": "UK", "sources": {"uktvnow": {"name": "uktvnow", "module": "UKTVNow", "channel": "100", "disabled": false}}, "disabled": false}, "UKEden": {"name": "Eden", "logo": "https://rocktalk.net/tv/images/channel_imgs/250118040738eden.png", "tvg-id": "", "country": "UK", "sources": {"uktvnow": {"name": "uktvnow", "module": "UKTVNow", "channel": "648", "disabled": false}}, "disabled": false}, "UKEirSport1": {"name": "Eir Sport 1", "logo": "https://rocktalk.net/tv/images/channel_imgs/08021812035411.png", "tvg-id": "", "country": "UK", "sources": {"uktvnow": {"name": "uktvnow", "module": "UKTVNow", "channel": "660", "disabled": false}}, "disabled": false}, "UKEirSport2": {"name": "Eir Sport 2", "logo": "https://rocktalk.net/tv/images/channel_imgs/080218120530Eir_Sport_2.png", "tvg-id": "", "country": "UK", "sources": {"uktvnow": {"name": "uktvnow", "module": "UKTVNow", "channel": "661", "disabled": false}}, "disabled": false}, "UKEuroSport": {"name": "Euro Sport", "logo": "https://rocktalk.net/tv/images/channel_imgs/190116044352euro.png", "tvg-id": "", "country": "UK", "sources": {"uktvnow": {"name": "uktvnow", "module": "UKTVNow", "channel": "108", "disabled": false}}, "disabled": false}, "UKEuroSport2": {"name": "Euro Sport 2", "logo": "https://rocktalk.net/tv/images/channel_imgs/190116044416euro2.jpg", "tvg-id": "", "country": "UK", "sources": {"uktvnow": {"name": "uktvnow", "module": "UKTVNow", "channel": "109", "disabled": false}}, "disabled": false}, "UKFilm4": {"name": "Film 4", "logo": "https://rocktalk.net/tv/images/channel_imgs/190116044643film.png", "tvg-id": "", "country": "UK", "sources": {"uktvnow": {"name": "uktvnow", "module": "UKTVNow", "channel": "112", "disabled": false}}, "disabled": false}, "UKFoodNetwork": {"name": "Food Network", "logo": "https://rocktalk.net/tv/images/channel_imgs/190116044823food.jpg", "tvg-id": "", "country": "UK", "sources": {"uktvnow": {"name": "uktvnow", "module": "UKTVNow", "channel": "115", "disabled": false}}, "disabled": false}, "UKFoxUK": {"name": "Fox UK", "logo": "https://rocktalk.net/tv/images/channel_imgs/290616022614fox.jpg", "tvg-id": "", "country": "UK", "sources": {"uktvnow": {"name": "uktvnow", "module": "UKTVNow", "channel": "290", "disabled": false}}, "disabled": false}, "UKH2.": {"name": "H2.", "logo": "https://rocktalk.net/tv/images/channel_imgs/220518012211h2.jpg", "tvg-id": "", "country": "UK", "sources": {"uktvnow": {"name": "uktvnow", "module": "UKTVNow", "channel": "726", "disabled": false}}, "disabled": false}, "UKHistory": {"name": "History", "logo": "https://rocktalk.net/tv/images/channel_imgs/190116045928his.jpg", "tvg-id": "", "country": "UK", "sources": {"uktvnow": {"name": "uktvnow", "module": "UKTVNow", "channel": "131", "disabled": false}}, "disabled": false}, "UKHome": {"name": "Home", "logo": "https://rocktalk.net/tv/images/channel_imgs/250118040028home..png", "tvg-id": "", "country": "UK", "sources": {"uktvnow": {"name": "uktvnow", "module": "UKTVNow", "channel": "641", "disabled": false}}, "disabled": false}, "UKHorrorchannel": {"name": "Horror channel", "logo": "https://rocktalk.net/tv/images/channel_imgs/140518055514horror.png", "tvg-id": "", "country": "UK", "sources": {"uktvnow": {"name": "uktvnow", "module": "UKTVNow", "channel": "722", "disabled": false}}, "disabled": false}, "UKInvestigationdiscovery..": {"name": "Investigation discovery..", "logo": "https://rocktalk.net/tv/images/channel_imgs/070216060719idd.png", "tvg-id": "", "country": "UK", "sources": {"uktvnow": {"name": "uktvnow", "module": "UKTVNow", "channel": "249", "disabled": false}}, "disabled": false}, "UKITV": {"name": "ITV", "logo": "https://rocktalk.net/tv/images/channel_imgs/190116050342itv.png", "tvg-id": "", "country": "UK", "sources": {"uktvnow": {"name": "uktvnow", "module": "UKTVNow", "channel": "137", "disabled": false}}, "disabled": false}, "UKITVBe.": {"name": "ITV Be.", "logo": "https://rocktalk.net/tv/images/channel_imgs/260218122347be.png", "tvg-id": "", "country": "UK", "sources": {"uktvnow": {"name": "uktvnow", "module": "UKTVNow", "channel": "679", "disabled": false}}, "disabled": false}, "UKITV2": {"name": "ITV2", "logo": "https://rocktalk.net/tv/images/channel_imgs/190116050434itv2.jpg", "tvg-id": "", "country": "UK", "sources": {"uktvnow": {"name": "uktvnow", "module": "UKTVNow", "channel": "139", "disabled": false}}, "disabled": false}, "UKITV3": {"name": "ITV3", "logo": "https://rocktalk.net/tv/images/channel_imgs/190116050519itv3.jpg", "tvg-id": "", "country": "UK", "sources": {"uktvnow": {"name": "uktvnow", "module": "UKTVNow", "channel": "140", "disabled": false}}, "disabled": false}, "UKITV4": {"name": "ITV4", "logo": "https://rocktalk.net/tv/images/channel_imgs/200116012425itv4.jpg", "tvg-id": "", "country": "UK", "sources": {"uktvnow": {"name": "uktvnow", "module": "UKTVNow", "channel": "142", "disabled": false}}, "disabled": false}, "UKKerrang": {"name": "Kerrang", "logo": "https://rocktalk.net/tv/images/channel_imgs/250118040832kerrang.png", "tvg-id": "", "country": "UK", "sources": {"uktvnow": {"name": "uktvnow", "module": "UKTVNow", "channel": "649", "disabled": false}}, "disabled": false}, "UKLFCTV": {"name": "LFC TV", "logo": "https://rocktalk.net/tv/images/channel_imgs/200116013110lfc.jpg", "tvg-id": "", "country": "UK", "sources": {"uktvnow": {"name": "uktvnow", "module": "UKTVNow", "channel": "145", "disabled": false}}, "disabled": false}, "UKLifetimeUK": {"name": "Lifetime UK", "logo": "https://rocktalk.net/tv/images/channel_imgs/290616023408lifetim.jpg", "tvg-id": "", "country": "UK", "sources": {"uktvnow": {"name": "uktvnow", "module": "UKTVNow", "channel": "297", "disabled": false}}, "disabled": false}, "UKMore4": {"name": "More4", "logo": "https://rocktalk.net/tv/images/channel_imgs/201217101617more4.jpeg", "tvg-id": "", "country": "UK", "sources": {"uktvnow": {"name": "uktvnow", "module": "UKTVNow", "channel": "500", "disabled": false}}, "disabled": false}, "UKMTV": {"name": "MTV", "logo": "https://rocktalk.net/tv/images/channel_imgs/200116013341mtv.jpg", "tvg-id": "", "country": "UK", "sources": {"uktvnow": {"name": "uktvnow", "module": "UKTVNow", "channel": "150", "disabled": false}}, "disabled": false}, "UKMTVClassic": {"name": "MTV Classic", "logo": "https://rocktalk.net/tv/images/channel_imgs/200116013404mtvclas.png", "tvg-id": "", "country": "UK", "sources": {"uktvnow": {"name": "uktvnow", "module": "UKTVNow", "channel": "151", "disabled": false}}, "disabled": false}, "UKMTVDance": {"name": "MTV Dance", "logo": "https://rocktalk.net/tv/images/channel_imgs/290616023145mtvd.png", "tvg-id": "", "country": "UK", "sources": {"uktvnow": {"name": "uktvnow", "module": "UKTVNow", "channel": "295", "disabled": false}}, "disabled": false}, "UKMTVHits": {"name": "MTV Hits", "logo": "https://rocktalk.net/tv/images/channel_imgs/200116013431mtvhits.png", "tvg-id": "", "country": "UK", "sources": {"uktvnow": {"name": "uktvnow", "module": "UKTVNow", "channel": "152", "disabled": false}}, "disabled": false}, "UKMTVlive": {"name": "MTV live", "logo": "https://rocktalk.net/tv/images/channel_imgs/250118040316mtv.png", "tvg-id": "", "country": "UK", "sources": {"uktvnow": {"name": "uktvnow", "module": "UKTVNow", "channel": "643", "disabled": false}}, "disabled": false}, "UKMTVRocks": {"name": "MTV Rocks", "logo": "https://rocktalk.net/tv/images/channel_imgs/290616023224mtvr.png", "tvg-id": "", "country": "UK", "sources": {"uktvnow": {"name": "uktvnow", "module": "UKTVNow", "channel": "296", "disabled": false}}, "disabled": false}, "UKMUTV": {"name": "MU TV", "logo": "https://rocktalk.net/tv/images/channel_imgs/200116020618mutv.gif", "tvg-id": "", "country": "UK", "sources": {"uktvnow": {"name": "uktvnow", "module": "UKTVNow", "channel": "154", "disabled": false}}, "disabled": false}, "UKNatGeo": {"name": "Nat Geo", "logo": "https://rocktalk.net/tv/images/channel_imgs/200116020643natgeo.jpg", "tvg-id": "", "country": "UK", "sources": {"uktvnow": {"name": "uktvnow", "module": "UKTVNow", "channel": "155", "disabled": false}}, "disabled": false}, "UKNatGeoWild": {"name": "Nat Geo Wild", "logo": "https://rocktalk.net/tv/images/channel_imgs/200116020726wild.jpg", "tvg-id": "", "country": "UK", "sources": {"uktvnow": {"name": "uktvnow", "module": "UKTVNow", "channel": "157", "disabled": false}}, "disabled": false}, "UKNick": {"name": "Nick", "logo": "https://rocktalk.net/tv/images/channel_imgs/200116021059nick.png", "tvg-id": "", "country": "UK", "sources": {"uktvnow": {"name": "uktvnow", "module": "UKTVNow", "channel": "165", "disabled": false}}, "disabled": false}, "UKNickjr.": {"name": "Nick jr.", "logo": "https://rocktalk.net/tv/images/channel_imgs/250118040447nickjr.jpg", "tvg-id": "", "country": "UK", "sources": {"uktvnow": {"name": "uktvnow", "module": "UKTVNow", "channel": "645", "disabled": false}}, "disabled": false}, "UKNickjr.too": {"name": "Nick jr.too", "logo": "https://rocktalk.net/tv/images/channel_imgs/250118040355jr.png", "tvg-id": "", "country": "UK", "sources": {"uktvnow": {"name": "uktvnow", "module": "UKTVNow", "channel": "644", "disabled": false}}, "disabled": false}, "UKNickToons": {"name": "Nick Toons", "logo": "https://rocktalk.net/tv/images/channel_imgs/200116021120nicktoons.png", "tvg-id": "", "country": "UK", "sources": {"uktvnow": {"name": "uktvnow", "module": "UKTVNow", "channel": "166", "disabled": false}}, "disabled": false}, "UKPick": {"name": "Pick", "logo": "https://rocktalk.net/tv/images/channel_imgs/250118040926pick.jpg", "tvg-id": "", "country": "UK", "sources": {"uktvnow": {"name": "uktvnow", "module": "UKTVNow", "channel": "650", "disabled": false}}, "disabled": false}, "UKPremierSports": {"name": "Premier Sports", "logo": "https://rocktalk.net/tv/images/channel_imgs/210818123014prem1.jpg", "tvg-id": "", "country": "UK", "sources": {"uktvnow": {"name": "uktvnow", "module": "UKTVNow", "channel": "170", "disabled": false}}, "disabled": false}, "UKQuest": {"name": "Quest", "logo": "https://rocktalk.net/tv/images/channel_imgs/200116035140quest.jpg", "tvg-id": "", "country": "UK", "sources": {"uktvnow": {"name": "uktvnow", "module": "UKTVNow", "channel": "177", "disabled": false}}, "disabled": false}, "UKRacingUK": {"name": "Racing UK", "logo": "https://rocktalk.net/tv/images/channel_imgs/200116035209racing.png", "tvg-id": "", "country": "UK", "sources": {"uktvnow": {"name": "uktvnow", "module": "UKTVNow", "channel": "178", "disabled": false}}, "disabled": false}, "UKRangersTv": {"name": "Rangers Tv", "logo": "https://rocktalk.net/tv/images/channel_imgs/270118112242rang.png", "tvg-id": "", "country": "UK", "sources": {"uktvnow": {"name": "uktvnow", "module": "UKTVNow", "channel": "658", "disabled": false}}, "disabled": false}, "UKReally": {"name": "Really", "logo": "https://rocktalk.net/tv/images/channel_imgs/250118035844really.png", "tvg-id": "", "country": "UK", "sources": {"uktvnow": {"name": "uktvnow", "module": "UKTVNow", "channel": "640", "disabled": false}}, "disabled": false}, "UKRTEOne": {"name": "RTE One", "logo": "https://rocktalk.net/tv/images/channel_imgs/200116035234rteo.jpg", "tvg-id": "", "country": "UK", "sources": {"uktvnow": {"name": "uktvnow", "module": "UKTVNow", "channel": "179", "disabled": false}}, "disabled": false}, "UKRTETwo": {"name": "RTE Two", "logo": "https://rocktalk.net/tv/images/channel_imgs/200116035301rte2.jpg", "tvg-id": "", "country": "UK", "sources": {"uktvnow": {"name": "uktvnow", "module": "UKTVNow", "channel": "180", "disabled": false}}, "disabled": false}, "UKSky1": {"name": "Sky 1", "logo": "https://rocktalk.net/tv/images/channel_imgs/200116040021sky1.jpg", "tvg-id": "", "country": "UK", "sources": {"uktvnow": {"name": "uktvnow", "module": "UKTVNow", "channel": "189", "disabled": false}}, "disabled": false}, "UKSky2": {"name": "Sky 2", "logo": "https://rocktalk.net/tv/images/channel_imgs/200116040045sky2.png", "tvg-id": "", "country": "UK", "sources": {"uktvnow": {"name": "uktvnow", "module": "UKTVNow", "channel": "190", "disabled": false}}, "disabled": false}, "UKSkyArts": {"name": "Sky Arts", "logo": "https://rocktalk.net/tv/images/channel_imgs/310318055900arts.png", "tvg-id": "", "country": "UK", "sources": {"uktvnow": {"name": "uktvnow", "module": "UKTVNow", "channel": "191", "disabled": false}}, "disabled": false}, "UKSkyAtlantic": {"name": "Sky Atlantic", "logo": "https://rocktalk.net/tv/images/channel_imgs/200116040143sky anta.jpg", "tvg-id": "", "country": "UK", "sources": {"uktvnow": {"name": "uktvnow", "module": "UKTVNow", "channel": "192", "disabled": false}}, "disabled": false}, "UKSkyBoxOffice": {"name": "Sky Box Office", "logo": "https://rocktalk.net/tv/images/channel_imgs/270216070800boxx.png", "tvg-id": "", "country": "UK", "sources": {"uktvnow": {"name": "uktvnow", "module": "UKTVNow", "channel": "286", "disabled": false}}, "disabled": false}, "UKSkyCinemaAction": {"name": "Sky Cinema Action", "logo": "https://rocktalk.net/tv/images/channel_imgs/310318054903action.png", "tvg-id": "", "country": "UK", "sources": {"uktvnow": {"name": "uktvnow", "module": "UKTVNow", "channel": "196", "disabled": false}}, "disabled": false}, "UKSkyCinemaComedy": {"name": "Sky Cinema Comedy", "logo": "https://rocktalk.net/tv/images/channel_imgs/310318054958comedy.png", "tvg-id": "", "country": "UK", "sources": {"uktvnow": {"name": "uktvnow", "module": "UKTVNow", "channel": "197", "disabled": false}}, "disabled": false}, "UKSkyCinemaCrime&Thriller": {"name": "Sky Cinema Crime & Thriller", "logo": "https://rocktalk.net/tv/images/channel_imgs/310318055056crime.png", "tvg-id": "", "country": "UK", "sources": {"uktvnow": {"name": "uktvnow", "module": "UKTVNow", "channel": "198", "disabled": false}}, "disabled": false}, "UKSkyCinemaDisney": {"name": "Sky Cinema Disney", "logo": "https://rocktalk.net/tv/images/channel_imgs/310318055127disney.png", "tvg-id": "", "country": "UK", "sources": {"uktvnow": {"name": "uktvnow", "module": "UKTVNow", "channel": "194", "disabled": false}}, "disabled": false}, "UKSkyCinemaDrama": {"name": "Sky Cinema Drama", "logo": "https://rocktalk.net/tv/images/channel_imgs/310318055157drama.png", "tvg-id": "", "country": "UK", "sources": {"uktvnow": {"name": "uktvnow", "module": "UKTVNow", "channel": "199", "disabled": false}}, "disabled": false}, "UKSkyCinemaFamily": {"name": "Sky Cinema Family", "logo": "https://rocktalk.net/tv/images/channel_imgs/310318055225family.png", "tvg-id": "", "country": "UK", "sources": {"uktvnow": {"name": "uktvnow", "module": "UKTVNow", "channel": "200", "disabled": false}}, "disabled": false}, "UKSkyCinemaGreats": {"name": "Sky Cinema Greats", "logo": "https://rocktalk.net/tv/images/channel_imgs/310318060135greats.png", "tvg-id": "", "country": "UK", "sources": {"uktvnow": {"name": "uktvnow", "module": "UKTVNow", "channel": "253", "disabled": false}}, "disabled": false}, "UKSkyCinemaHits": {"name": "Sky Cinema Hits", "logo": "https://rocktalk.net/tv/images/channel_imgs/310318053832skyc.png", "tvg-id": "", "country": "UK", "sources": {"uktvnow": {"name": "uktvnow", "module": "UKTVNow", "channel": "696", "disabled": false}}, "disabled": false}, "UKSkyCinemaPremiere": {"name": "Sky Cinema Premiere", "logo": "https://rocktalk.net/tv/images/channel_imgs/310318055322prem.png", "tvg-id": "", "country": "UK", "sources": {"uktvnow": {"name": "uktvnow", "module": "UKTVNow", "channel": "201", "disabled": false}}, "disabled": false}, "UKSkyCinemaScifi&Horror": {"name": "Sky Cinema Scifi & Horror", "logo": "https://rocktalk.net/tv/images/channel_imgs/310318055355scifi.png", "tvg-id": "", "country": "UK", "sources": {"uktvnow": {"name": "uktvnow", "module": "UKTVNow", "channel": "202", "disabled": false}}, "disabled": false}, "UKSkyCinemaSelect": {"name": "Sky Cinema Select", "logo": "https://rocktalk.net/tv/images/channel_imgs/310318055428select.png", "tvg-id": "", "country": "UK", "sources": {"uktvnow": {"name": "uktvnow", "module": "UKTVNow", "channel": "254", "disabled": false}}, "disabled": false}, "UKSkyNews": {"name": "Sky News", "logo": "https://rocktalk.net/tv/images/channel_imgs/200116041019skynews.jpg", "tvg-id": "", "country": "UK", "sources": {"uktvnow": {"name": "uktvnow", "module": "UKTVNow", "channel": "203", "disabled": false}}, "disabled": false}, "UKSkySportsArena": {"name": "Sky Sports Arena", "logo": "https://rocktalk.net/tv/images/channel_imgs/270717102912arena1.jpeg", "tvg-id": "", "country": "UK", "sources": {"uktvnow": {"name": "uktvnow", "module": "UKTVNow", "channel": "411", "disabled": false}}, "disabled": false}, "UKSkySportsCricket": {"name": "Sky Sports Cricket", "logo": "https://rocktalk.net/tv/images/channel_imgs/200717080620skycric.jpeg", "tvg-id": "", "country": "UK", "sources": {"uktvnow": {"name": "uktvnow", "module": "UKTVNow", "channel": "205", "disabled": false}}, "disabled": false}, "UKSkySportsF1": {"name": "Sky Sports F1", "logo": "https://rocktalk.net/tv/images/channel_imgs/200717081443f12.jpeg", "tvg-id": "", "country": "UK", "sources": {"uktvnow": {"name": "uktvnow", "module": "UKTVNow", "channel": "209", "disabled": false}}, "disabled": false}, "UKSkySportsFootball": {"name": "Sky Sports Football", "logo": "https://rocktalk.net/tv/images/channel_imgs/270717102848foot1.jpeg", "tvg-id": "", "country": "UK", "sources": {"uktvnow": {"name": "uktvnow", "module": "UKTVNow", "channel": "410", "disabled": false}}, "disabled": false}, "UKSkySportsMainEvent": {"name": "Sky Sports Main Event", "logo": "https://rocktalk.net/tv/images/channel_imgs/200717080757main1.jpeg", "tvg-id": "", "country": "UK", "sources": {"uktvnow": {"name": "uktvnow", "module": "UKTVNow", "channel": "204", "disabled": false}}, "disabled": false}, "UKSkySportsMix": {"name": "Sky Sports Mix", "logo": "https://rocktalk.net/tv/images/channel_imgs/200717081554mix2.jpeg", "tvg-id": "", "country": "UK", "sources": {"uktvnow": {"name": "uktvnow", "module": "UKTVNow", "channel": "308", "disabled": false}}, "disabled": false}, "UKSkySportsNews": {"name": "Sky Sports News", "logo": "https://rocktalk.net/tv/images/channel_imgs/200717081653news1.jpeg", "tvg-id": "", "country": "UK", "sources": {"uktvnow": {"name": "uktvnow", "module": "UKTVNow", "channel": "210", "disabled": false}}, "disabled": false}, "UKSkySportsNFL": {"name": "Sky Sports NFL", "logo": "https://rocktalk.net/tv/images/channel_imgs/020321091841nflll.png", "tvg-id": "", "country": "UK", "sources": {"uktvnow": {"name": "uktvnow", "module": "UKTVNow", "channel": "206", "disabled": false}}, "disabled": false}, "UKSkySportsPremierLeague": {"name": "Sky Sports Premier League", "logo": "https://rocktalk.net/tv/images/channel_imgs/200717081219pl2.jpeg", "tvg-id": "", "country": "UK", "sources": {"uktvnow": {"name": "uktvnow", "module": "UKTVNow", "channel": "208", "disabled": false}}, "disabled": false}, "UKSkySportsTheOpen": {"name": "Sky Sports The Open", "logo": "https://rocktalk.net/tv/images/channel_imgs/200717081052open2.jpeg", "tvg-id": "", "country": "UK", "sources": {"uktvnow": {"name": "uktvnow", "module": "UKTVNow", "channel": "207", "disabled": false}}, "disabled": false}, "UKSony": {"name": "Sony", "logo": "https://rocktalk.net/tv/images/channel_imgs/290616022720sony.png", "tvg-id": "", "country": "UK", "sources": {"uktvnow": {"name": "uktvnow", "module": "UKTVNow", "channel": "291", "disabled": false}}, "disabled": false}, "UKSpikeUK": {"name": "Spike UK", "logo": "https://rocktalk.net/tv/images/channel_imgs/290616022506spike.jpg", "tvg-id": "", "country": "UK", "sources": {"uktvnow": {"name": "uktvnow", "module": "UKTVNow", "channel": "289", "disabled": false}}, "disabled": false}, "UKSyfy-": {"name": "Syfy-", "logo": "https://rocktalk.net/tv/images/channel_imgs/201217101035syfy.png", "tvg-id": "", "country": "UK", "sources": {"uktvnow": {"name": "uktvnow", "module": "UKTVNow", "channel": "495", "disabled": false}}, "disabled": false}, "UKTCM": {"name": "TCM", "logo": "https://rocktalk.net/tv/images/channel_imgs/290616022825tcm.png", "tvg-id": "", "country": "UK", "sources": {"uktvnow": {"name": "uktvnow", "module": "UKTVNow", "channel": "292", "disabled": false}}, "disabled": false}, "UKTLC": {"name": "TLC", "logo": "https://rocktalk.net/tv/images/channel_imgs/290616022325tlc.jpg", "tvg-id": "", "country": "UK", "sources": {"uktvnow": {"name": "uktvnow", "module": "UKTVNow", "channel": "288", "disabled": false}}, "disabled": false}, "UKTNT..": {"name": "TNT..", "logo": "https://rocktalk.net/tv/images/channel_imgs/201217101251tntt.png", "tvg-id": "", "country": "UK", "sources": {"uktvnow": {"name": "uktvnow", "module": "UKTVNow", "channel": "497", "disabled": false}}, "disabled": false}, "UKTrueMovies": {"name": "True Movies", "logo": "https://rocktalk.net/tv/images/channel_imgs/310318055557true.png", "tvg-id": "", "country": "UK", "sources": {"uktvnow": {"name": "uktvnow", "module": "UKTVNow", "channel": "231", "disabled": false}}, "disabled": false}, "UKUFCFightPass": {"name": "UFC Fight Pass", "logo": "https://rocktalk.net/tv/images/channel_imgs/310818013311ufff.jpeg", "tvg-id": "", "country": "UK", "sources": {"uktvnow": {"name": "uktvnow", "module": "UKTVNow", "channel": "785", "disabled": false}}, "disabled": false}, "UKUKGold": {"name": "UK Gold", "logo": "https://rocktalk.net/tv/images/channel_imgs/200116043416gold.jpg", "tvg-id": "", "country": "UK", "sources": {"uktvnow": {"name": "uktvnow", "module": "UKTVNow", "channel": "236", "disabled": false}}, "disabled": false}, "UKVH1": {"name": "VH1", "logo": "https://rocktalk.net/tv/images/channel_imgs/200116043534vh1.png", "tvg-id": "", "country": "UK", "sources": {"uktvnow": {"name": "uktvnow", "module": "UKTVNow", "channel": "239", "disabled": false}}, "disabled": false}, "UKVH1..": {"name": "VH1..", "logo": "https://rocktalk.net/tv/images/channel_imgs/250118033225vh1.jpg", "tvg-id": "", "country": "UK", "sources": {"uktvnow": {"name": "uktvnow", "module": "UKTVNow", "channel": "624", "disabled": false}}, "disabled": false}, "UKViceland.": {"name": "Viceland.", "logo": "https://rocktalk.net/tv/images/channel_imgs/250118040532vice.jpg", "tvg-id": "", "country": "UK", "sources": {"uktvnow": {"name": "uktvnow", "module": "UKTVNow", "channel": "646", "disabled": false}}, "disabled": false}}