{
    "UK4seven": {
        "sources": {
            "uktvnow": {
                "name": "uktvnow",
                "module": "UKTVNow",
                "channel": "501",
                "disabled": false
            }
        }
    },
    "UK5usa": {
        "sources": {
            "uktvnow": {
                "name": "uktvnow",
                "module": "UKTVNow",
                "channel": "502",
                "disabled": false
            }
        }
    },
    "UKAlibi": {
        "sources": {
            "uktvnow": {
                "name": "uktvnow",
                "module": "UKTVNow",
                "channel": "27",
                "disabled": false
            }
        }
    },
    "UKAMC.": {
        "sources": {
            "uktvnow": {
                "name": "uktvnow",
                "module": "UKTVNow",
                "channel": "496",
                "disabled": false
            }
        }
    },
    "UKAnimalPlanet": {
        "sources": {
            "uktvnow": {
                "name": "uktvnow",
                "module": "UKTVNow",
                "channel": "30",
                "disabled": false
            }
        }
    },
    "UKAttheraces": {
        "sources": {
            "uktvnow": {
                "name": "uktvnow",
                "module": "UKTVNow",
                "channel": "41",
                "disabled": false
            }
        }
    },
    "UKBBCEntertainment": {
        "sources": {
            "uktvnow": {
                "name": "uktvnow",
                "module": "UKTVNow",
                "channel": "248",
                "disabled": false
            }
        }
    },
    "UKBBCFour": {
        "sources": {
            "uktvnow": {
                "name": "uktvnow",
                "module": "UKTVNow",
                "channel": "43",
                "disabled": false
            }
        }
    },
    "UKBBCNews": {
        "sources": {
            "uktvnow": {
                "name": "uktvnow",
                "module": "UKTVNow",
                "channel": "47",
                "disabled": false
            }
        }
    },
    "UKBBCOne": {
        "sources": {
            "uktvnow": {
                "name": "uktvnow",
                "module": "UKTVNow",
                "channel": "44",
                "disabled": false
            }
        }
    },
    "UKBBCTwo": {
        "sources": {
            "uktvnow": {
                "name": "uktvnow",
                "module": "UKTVNow",
                "channel": "46",
                "disabled": false
            }
        }
    },
    "UKBloomberg": {
        "sources": {
            "uktvnow": {
                "name": "uktvnow",
                "module": "UKTVNow",
                "channel": "54",
                "disabled": false
            }
        }
    },
    "UKBoxNation": {
        "sources": {
            "uktvnow": {
                "name": "uktvnow",
                "module": "UKTVNow",
                "channel": "55",
                "disabled": false
            }
        }
    },
    "UKBtsport1": {
        "sources": {
            "uktvnow": {
                "name": "uktvnow",
                "module": "UKTVNow",
                "channel": "59",
                "disabled": false
            }
        }
    },
    "UKBtsport2": {
        "sources": {
            "uktvnow": {
                "name": "uktvnow",
                "module": "UKTVNow",
                "channel": "60",
                "disabled": false
            }
        }
    },
    "UKBTsport3": {
        "sources": {
            "uktvnow": {
                "name": "uktvnow",
                "module": "UKTVNow",
                "channel": "298",
                "disabled": false
            }
        }
    },
    "UKBTSportboxoffice": {
        "sources": {
            "uktvnow": {
                "name": "uktvnow",
                "module": "UKTVNow",
                "channel": "821",
                "disabled": false
            }
        }
    },
    "UKBTSportESPN": {
        "sources": {
            "uktvnow": {
                "name": "uktvnow",
                "module": "UKTVNow",
                "channel": "107",
                "disabled": false
            }
        }
    },
    "UKCartoonNetwork": {
        "sources": {
            "uktvnow": {
                "name": "uktvnow",
                "module": "UKTVNow",
                "channel": "62",
                "disabled": false
            }
        }
    },
    "UKCBBC": {
        "sources": {
            "uktvnow": {
                "name": "uktvnow",
                "module": "UKTVNow",
                "channel": "45",
                "disabled": false
            }
        }
    },
    "UKCbeebies": {
        "sources": {
            "uktvnow": {
                "name": "uktvnow",
                "module": "UKTVNow",
                "channel": "498",
                "disabled": false
            }
        }
    },
    "UKCBSAction": {
        "sources": {
            "uktvnow": {
                "name": "uktvnow",
                "module": "UKTVNow",
                "channel": "65",
                "disabled": false
            }
        }
    },
    "UKCBSDrama": {
        "sources": {
            "uktvnow": {
                "name": "uktvnow",
                "module": "UKTVNow",
                "channel": "66",
                "disabled": false
            }
        }
    },
    "UKCBSReality": {
        "sources": {
            "uktvnow": {
                "name": "uktvnow",
                "module": "UKTVNow",
                "channel": "68",
                "disabled": false
            }
        }
    },
    "UKCeltictv": {
        "sources": {
            "uktvnow": {
                "name": "uktvnow",
                "module": "UKTVNow",
                "channel": "619",
                "disabled": false
            }
        }
    },
    "UKChallenge": {
        "sources": {
            "uktvnow": {
                "name": "uktvnow",
                "module": "UKTVNow",
                "channel": "642",
                "disabled": false
            }
        }
    },
    "UKChannel4": {
        "sources": {
            "uktvnow": {
                "name": "uktvnow",
                "module": "UKTVNow",
                "channel": "77",
                "disabled": false
            }
        }
    },
    "UKChannel5": {
        "sources": {
            "uktvnow": {
                "name": "uktvnow",
                "module": "UKTVNow",
                "channel": "299",
                "disabled": false
            }
        }
    },
    "UKComedyCentral": {
        "sources": {
            "uktvnow": {
                "name": "uktvnow",
                "module": "UKTVNow",
                "channel": "84",
                "disabled": false
            }
        }
    },
    "UKComedycentralextra": {
        "sources": {
            "uktvnow": {
                "name": "uktvnow",
                "module": "UKTVNow",
                "channel": "647",
                "disabled": false
            }
        }
    },
    "UKCrimeinvestigation": {
        "sources": {
            "uktvnow": {
                "name": "uktvnow",
                "module": "UKTVNow",
                "channel": "623",
                "disabled": false
            }
        }
    },
    "UKDave": {
        "sources": {
            "uktvnow": {
                "name": "uktvnow",
                "module": "UKTVNow",
                "channel": "88",
                "disabled": false
            }
        }
    },
    "UKDiscovery": {
        "sources": {
            "uktvnow": {
                "name": "uktvnow",
                "module": "UKTVNow",
                "channel": "91",
                "disabled": false
            }
        }
    },
    "UKDiscoveryHistory": {
        "sources": {
            "uktvnow": {
                "name": "uktvnow",
                "module": "UKTVNow",
                "channel": "92",
                "disabled": false
            }
        }
    },
    "UKDiscoveryScience": {
        "sources": {
            "uktvnow": {
                "name": "uktvnow",
                "module": "UKTVNow",
                "channel": "93",
                "disabled": false
            }
        }
    },
    "UKDiscoveryShed": {
        "sources": {
            "uktvnow": {
                "name": "uktvnow",
                "module": "UKTVNow",
                "channel": "268",
                "disabled": false
            }
        }
    },
    "UKDiscoveryTurbo": {
        "sources": {
            "uktvnow": {
                "name": "uktvnow",
                "module": "UKTVNow",
                "channel": "267",
                "disabled": false
            }
        }
    },
    "UKDisney": {
        "sources": {
            "uktvnow": {
                "name": "uktvnow",
                "module": "UKTVNow",
                "channel": "95",
                "disabled": false
            }
        }
    },
    "UKDisneyJunior": {
        "sources": {
            "uktvnow": {
                "name": "uktvnow",
                "module": "UKTVNow",
                "channel": "96",
                "disabled": false
            }
        }
    },
    "UKDisneyXD": {
        "sources": {
            "uktvnow": {
                "name": "uktvnow",
                "module": "UKTVNow",
                "channel": "250",
                "disabled": false
            }
        }
    },
    "UKDmax": {
        "sources": {
            "uktvnow": {
                "name": "uktvnow",
                "module": "UKTVNow",
                "channel": "97",
                "disabled": false
            }
        }
    },
    "UKDrama": {
        "sources": {
            "uktvnow": {
                "name": "uktvnow",
                "module": "UKTVNow",
                "channel": "98",
                "disabled": false
            }
        }
    },
    "UKE": {
        "sources": {
            "uktvnow": {
                "name": "uktvnow",
                "module": "UKTVNow",
                "channel": "99",
                "disabled": false
            }
        }
    },
    "UKE4": {
        "sources": {
            "uktvnow": {
                "name": "uktvnow",
                "module": "UKTVNow",
                "channel": "100",
                "disabled": false
            }
        }
    },
    "UKEden": {
        "sources": {
            "uktvnow": {
                "name": "uktvnow",
                "module": "UKTVNow",
                "channel": "648",
                "disabled": false
            }
        }
    },
    "UKEirSport1": {
        "sources": {
            "uktvnow": {
                "name": "uktvnow",
                "module": "UKTVNow",
                "channel": "660",
                "disabled": false
            }
        }
    },
    "UKEirSport2": {
        "sources": {
            "uktvnow": {
                "name": "uktvnow",
                "module": "UKTVNow",
                "channel": "661",
                "disabled": false
            }
        }
    },
    "UKEuroSport": {
        "sources": {
            "uktvnow": {
                "name": "uktvnow",
                "module": "UKTVNow",
                "channel": "108",
                "disabled": false
            }
        }
    },
    "UKEuroSport2": {
        "sources": {
            "uktvnow": {
                "name": "uktvnow",
                "module": "UKTVNow",
                "channel": "109",
                "disabled": false
            }
        }
    },
    "UKFilm4": {
        "sources": {
            "uktvnow": {
                "name": "uktvnow",
                "module": "UKTVNow",
                "channel": "112",
                "disabled": false
            }
        }
    },
    "UKFoodNetwork": {
        "sources": {
            "uktvnow": {
                "name": "uktvnow",
                "module": "UKTVNow",
                "channel": "115",
                "disabled": false
            }
        }
    },
    "UKFoxUK": {
        "sources": {
            "uktvnow": {
                "name": "uktvnow",
                "module": "UKTVNow",
                "channel": "290",
                "disabled": false
            }
        }
    },
    "UKH2.": {
        "sources": {
            "uktvnow": {
                "name": "uktvnow",
                "module": "UKTVNow",
                "channel": "726",
                "disabled": false
            }
        }
    },
    "UKHistory": {
        "sources": {
            "uktvnow": {
                "name": "uktvnow",
                "module": "UKTVNow",
                "channel": "131",
                "disabled": false
            }
        }
    },
    "UKHome": {
        "sources": {
            "uktvnow": {
                "name": "uktvnow",
                "module": "UKTVNow",
                "channel": "641",
                "disabled": false
            }
        }
    },
    "UKHorrorchannel": {
        "sources": {
            "uktvnow": {
                "name": "uktvnow",
                "module": "UKTVNow",
                "channel": "722",
                "disabled": false
            }
        }
    },
    "UKInvestigationdiscovery..": {
        "sources": {
            "uktvnow": {
                "name": "uktvnow",
                "module": "UKTVNow",
                "channel": "249",
                "disabled": false
            }
        }
    },
    "UKITV": {
        "sources": {
            "uktvnow": {
                "name": "uktvnow",
                "module": "UKTVNow",
                "channel": "137",
                "disabled": false
            }
        }
    },
    "UKITVBe.": {
        "sources": {
            "uktvnow": {
                "name": "uktvnow",
                "module": "UKTVNow",
                "channel": "679",
                "disabled": false
            }
        }
    },
    "UKITV2": {
        "sources": {
            "uktvnow": {
                "name": "uktvnow",
                "module": "UKTVNow",
                "channel": "139",
                "disabled": false
            }
        }
    },
    "UKITV3": {
        "sources": {
            "uktvnow": {
                "name": "uktvnow",
                "module": "UKTVNow",
                "channel": "140",
                "disabled": false
            }
        }
    },
    "UKITV4": {
        "sources": {
            "uktvnow": {
                "name": "uktvnow",
                "module": "UKTVNow",
                "channel": "142",
                "disabled": false
            }
        }
    },
    "UKKerrang": {
        "sources": {
            "uktvnow": {
                "name": "uktvnow",
                "module": "UKTVNow",
                "channel": "649",
                "disabled": false
            }
        }
    },
    "UKLFCTV": {
        "sources": {
            "uktvnow": {
                "name": "uktvnow",
                "module": "UKTVNow",
                "channel": "145",
                "disabled": false
            }
        }
    },
    "UKLifetimeUK": {
        "sources": {
            "uktvnow": {
                "name": "uktvnow",
                "module": "UKTVNow",
                "channel": "297",
                "disabled": false
            }
        }
    },
    "UKMore4": {
        "sources": {
            "uktvnow": {
                "name": "uktvnow",
                "module": "UKTVNow",
                "channel": "500",
                "disabled": false
            }
        }
    },
    "UKMTV": {
        "sources": {
            "uktvnow": {
                "name": "uktvnow",
                "module": "UKTVNow",
                "channel": "150",
                "disabled": false
            }
        }
    },
    "UKMTVClassic": {
        "sources": {
            "uktvnow": {
                "name": "uktvnow",
                "module": "UKTVNow",
                "channel": "151",
                "disabled": false
            }
        }
    },
    "UKMTVDance": {
        "sources": {
            "uktvnow": {
                "name": "uktvnow",
                "module": "UKTVNow",
                "channel": "295",
                "disabled": false
            }
        }
    },
    "UKMTVHits": {
        "sources": {
            "uktvnow": {
                "name": "uktvnow",
                "module": "UKTVNow",
                "channel": "152",
                "disabled": false
            }
        }
    },
    "UKMTVlive": {
        "sources": {
            "uktvnow": {
                "name": "uktvnow",
                "module": "UKTVNow",
                "channel": "643",
                "disabled": false
            }
        }
    },
    "UKMTVRocks": {
        "sources": {
            "uktvnow": {
                "name": "uktvnow",
                "module": "UKTVNow",
                "channel": "296",
                "disabled": false
            }
        }
    },
    "UKMUTV": {
        "sources": {
            "uktvnow": {
                "name": "uktvnow",
                "module": "UKTVNow",
                "channel": "154",
                "disabled": false
            }
        }
    },
    "UKNatGeo": {
        "sources": {
            "uktvnow": {
                "name": "uktvnow",
                "module": "UKTVNow",
                "channel": "155",
                "disabled": false
            }
        }
    },
    "UKNatGeoWild": {
        "sources": {
            "uktvnow": {
                "name": "uktvnow",
                "module": "UKTVNow",
                "channel": "157",
                "disabled": false
            }
        }
    },
    "UKNick": {
        "sources": {
            "uktvnow": {
                "name": "uktvnow",
                "module": "UKTVNow",
                "channel": "165",
                "disabled": false
            }
        }
    },
    "UKNickjr.": {
        "sources": {
            "uktvnow": {
                "name": "uktvnow",
                "module": "UKTVNow",
                "channel": "645",
                "disabled": false
            }
        }
    },
    "UKNickjr.too": {
        "sources": {
            "uktvnow": {
                "name": "uktvnow",
                "module": "UKTVNow",
                "channel": "644",
                "disabled": false
            }
        }
    },
    "UKNickToons": {
        "sources": {
            "uktvnow": {
                "name": "uktvnow",
                "module": "UKTVNow",
                "channel": "166",
                "disabled": false
            }
        }
    },
    "UKPick": {
        "sources": {
            "uktvnow": {
                "name": "uktvnow",
                "module": "UKTVNow",
                "channel": "650",
                "disabled": false
            }
        }
    },
    "UKPremierSports": {
        "sources": {
            "uktvnow": {
                "name": "uktvnow",
                "module": "UKTVNow",
                "channel": "170",
                "disabled": false
            }
        }
    },
    "UKQuest": {
        "sources": {
            "uktvnow": {
                "name": "uktvnow",
                "module": "UKTVNow",
                "channel": "177",
                "disabled": false
            }
        }
    },
    "UKRacingUK": {
        "sources": {
            "uktvnow": {
                "name": "uktvnow",
                "module": "UKTVNow",
                "channel": "178",
                "disabled": false
            }
        }
    },
    "UKRangersTv": {
        "sources": {
            "uktvnow": {
                "name": "uktvnow",
                "module": "UKTVNow",
                "channel": "658",
                "disabled": false
            }
        }
    },
    "UKReally": {
        "sources": {
            "uktvnow": {
                "name": "uktvnow",
                "module": "UKTVNow",
                "channel": "640",
                "disabled": false
            }
        }
    },
    "UKRTEOne": {
        "sources": {
            "uktvnow": {
                "name": "uktvnow",
                "module": "UKTVNow",
                "channel": "179",
                "disabled": false
            }
        }
    },
    "UKRTETwo": {
        "sources": {
            "uktvnow": {
                "name": "uktvnow",
                "module": "UKTVNow",
                "channel": "180",
                "disabled": false
            }
        }
    },
    "UKSky1": {
        "sources": {
            "uktvnow": {
                "name": "uktvnow",
                "module": "UKTVNow",
                "channel": "189",
                "disabled": false
            }
        }
    },
    "UKSky2": {
        "sources": {
            "uktvnow": {
                "name": "uktvnow",
                "module": "UKTVNow",
                "channel": "190",
                "disabled": false
            }
        }
    },
    "UKSkyArts": {
        "sources": {
            "uktvnow": {
                "name": "uktvnow",
                "module": "UKTVNow",
                "channel": "191",
                "disabled": false
            }
        }
    },
    "UKSkyAtlantic": {
        "sources": {
            "uktvnow": {
                "name": "uktvnow",
                "module": "UKTVNow",
                "channel": "192",
                "disabled": false
            }
        }
    },
    "UKSkyBoxOffice": {
        "sources": {
            "uktvnow": {
                "name": "uktvnow",
                "module": "UKTVNow",
                "channel": "286",
                "disabled": false
            }
        }
    },
    "UKSkyCinemaAction": {
        "sources": {
            "uktvnow": {
                "name": "uktvnow",
                "module": "UKTVNow",
                "channel": "196",
                "disabled": false
            }
        }
    },
    "UKSkyCinemaComedy": {
        "sources": {
            "uktvnow": {
                "name": "uktvnow",
                "module": "UKTVNow",
                "channel": "197",
                "disabled": false
            }
        }
    },
    "UKSkyCinemaCrime&Thriller": {
        "sources": {
            "uktvnow": {
                "name": "uktvnow",
                "module": "UKTVNow",
                "channel": "198",
                "disabled": false
            }
        }
    },
    "UKSkyCinemaDisney": {
        "sources": {
            "uktvnow": {
                "name": "uktvnow",
                "module": "UKTVNow",
                "channel": "194",
                "disabled": false
            }
        }
    },
    "UKSkyCinemaDrama": {
        "sources": {
            "uktvnow": {
                "name": "uktvnow",
                "module": "UKTVNow",
                "channel": "199",
                "disabled": false
            }
        }
    },
    "UKSkyCinemaFamily": {
        "sources": {
            "uktvnow": {
                "name": "uktvnow",
                "module": "UKTVNow",
                "channel": "200",
                "disabled": false
            }
        }
    },
    "UKSkyCinemaGreats": {
        "sources": {
            "uktvnow": {
                "name": "uktvnow",
                "module": "UKTVNow",
                "channel": "253",
                "disabled": false
            }
        }
    },
    "UKSkyCinemaHits": {
        "sources": {
            "uktvnow": {
                "name": "uktvnow",
                "module": "UKTVNow",
                "channel": "696",
                "disabled": false
            }
        }
    },
    "UKSkyCinemaPremiere": {
        "sources": {
            "uktvnow": {
                "name": "uktvnow",
                "module": "UKTVNow",
                "channel": "201",
                "disabled": false
            }
        }
    },
    "UKSkyCinemaScifi&Horror": {
        "sources": {
            "uktvnow": {
                "name": "uktvnow",
                "module": "UKTVNow",
                "channel": "202",
                "disabled": false
            }
        }
    },
    "UKSkyCinemaSelect": {
        "sources": {
            "uktvnow": {
                "name": "uktvnow",
                "module": "UKTVNow",
                "channel": "254",
                "disabled": false
            }
        }
    },
    "UKSkyNews": {
        "sources": {
            "uktvnow": {
                "name": "uktvnow",
                "module": "UKTVNow",
                "channel": "203",
                "disabled": false
            }
        }
    },
    "UKSkySportsArena": {
        "sources": {
            "uktvnow": {
                "name": "uktvnow",
                "module": "UKTVNow",
                "channel": "411",
                "disabled": false
            }
        }
    },
    "UKSkySportsCricket": {
        "sources": {
            "uktvnow": {
                "name": "uktvnow",
                "module": "UKTVNow",
                "channel": "205",
                "disabled": false
            }
        }
    },
    "UKSkySportsF1": {
        "sources": {
            "uktvnow": {
                "name": "uktvnow",
                "module": "UKTVNow",
                "channel": "209",
                "disabled": false
            }
        }
    },
    "UKSkySportsFootball": {
        "sources": {
            "uktvnow": {
                "name": "uktvnow",
                "module": "UKTVNow",
                "channel": "410",
                "disabled": false
            }
        }
    },
    "UKSkySportsMainEvent": {
        "sources": {
            "uktvnow": {
                "name": "uktvnow",
                "module": "UKTVNow",
                "channel": "204",
                "disabled": false
            }
        }
    },
    "UKSkySportsMix": {
        "sources": {
            "uktvnow": {
                "name": "uktvnow",
                "module": "UKTVNow",
                "channel": "308",
                "disabled": false
            }
        }
    },
    "UKSkySportsNews": {
        "sources": {
            "uktvnow": {
                "name": "uktvnow",
                "module": "UKTVNow",
                "channel": "210",
                "disabled": false
            }
        }
    },
    "UKSkySportsNFL": {
        "sources": {
            "uktvnow": {
                "name": "uktvnow",
                "module": "UKTVNow",
                "channel": "206",
                "disabled": false
            }
        }
    },
    "UKSkySportsPremierLeague": {
        "sources": {
            "uktvnow": {
                "name": "uktvnow",
                "module": "UKTVNow",
                "channel": "208",
                "disabled": false
            }
        }
    },
    "UKSkySportsTheOpen": {
        "sources": {
            "uktvnow": {
                "name": "uktvnow",
                "module": "UKTVNow",
                "channel": "207",
                "disabled": false
            }
        }
    },
    "UKSony": {
        "sources": {
            "uktvnow": {
                "name": "uktvnow",
                "module": "UKTVNow",
                "channel": "291",
                "disabled": false
            }
        }
    },
    "UKSpikeUK": {
        "sources": {
            "uktvnow": {
                "name": "uktvnow",
                "module": "UKTVNow",
                "channel": "289",
                "disabled": false
            }
        }
    },
    "UKSyfy-": {
        "sources": {
            "uktvnow": {
                "name": "uktvnow",
                "module": "UKTVNow",
                "channel": "495",
                "disabled": false
            }
        }
    },
    "UKTCM": {
        "sources": {
            "uktvnow": {
                "name": "uktvnow",
                "module": "UKTVNow",
                "channel": "292",
                "disabled": false
            }
        }
    },
    "UKTLC": {
        "sources": {
            "uktvnow": {
                "name": "uktvnow",
                "module": "UKTVNow",
                "channel": "288",
                "disabled": false
            }
        }
    },
    "UKTNT..": {
        "sources": {
            "uktvnow": {
                "name": "uktvnow",
                "module": "UKTVNow",
                "channel": "497",
                "disabled": false
            }
        }
    },
    "UKTrueMovies": {
        "sources": {
            "uktvnow": {
                "name": "uktvnow",
                "module": "UKTVNow",
                "channel": "231",
                "disabled": false
            }
        }
    },
    "UKUFCFightPass": {
        "sources": {
            "uktvnow": {
                "name": "uktvnow",
                "module": "UKTVNow",
                "channel": "785",
                "disabled": false
            }
        }
    },
    "UKUKGold": {
        "sources": {
            "uktvnow": {
                "name": "uktvnow",
                "module": "UKTVNow",
                "channel": "236",
                "disabled": false
            }
        }
    },
    "UKVH1": {
        "sources": {
            "uktvnow": {
                "name": "uktvnow",
                "module": "UKTVNow",
                "channel": "239",
                "disabled": false
            }
        }
    },
    "UKVH1..": {
        "sources": {
            "uktvnow": {
                "name": "uktvnow",
                "module": "UKTVNow",
                "channel": "624",
                "disabled": false
            }
        }
    },
    "UKViceland.": {
        "sources": {
            "uktvnow": {
                "name": "uktvnow",
                "module": "UKTVNow",
                "channel": "646",
                "disabled": false
            }
        }
    }
}