<?xml version="1.0" encoding="UTF-8"?>
<window>
	<defaultcontrol>9000</defaultcontrol>
	<backgroundcolor>background</backgroundcolor>
	<controls>
		
		<include>DefaultBackground</include>
		<control type="multiimage">
			<depth>DepthBackground</depth>
			<include>FullScreenDimensions</include>
			<aspectratio>scale</aspectratio>
			<fadetime>600</fadetime>
			<animation effect="zoom" center="auto" end="102,102" time="0" condition="Integer.IsGreater(System.StereoscopicMode,0)">conditional</animation>
			<animation effect="fade" start="0" end="100" time="400">WindowOpen</animation>
			<animation effect="fade" start="100" end="0" time="300">WindowClose</animation>
			<animation effect="fade" time="400">VisibleChange</animation>
			<imagepath background="true" colordiffuse="bg_overlay">$VAR[HomeFanartVar]</imagepath>
			<visible>!Player.HasMedia</visible>
		</control>

    <include content="ButtonRed">


	  </include>
<control type="list" id="19001">
<itemlayout />
<focusedlayout />
<content>plugin://plugin.video.themoviedb.helper/?info=details&amp;type=movie&amp;query=$INFO[ListItem.Title]&amp;year=$INFO[ListItem.Year]</content>
<visible>String.IsEqual(ListItem.DBType,movie) + !String.IsEmpty(ListItem.Title)</visible>
</control>

	<control type="group">
	<description>Right side of top bar(date and time)</description>
					<animation effect="fade" time="150">VisibleChange</animation>
					<animation effect="fade" start="100" end="0" time="300">WindowClose</animation>
						<control type="label">
							<top>7</top>
							<left>1635</left>
							<height>46</height>
							<width>200</width>
							<font>font13</font>
							<shadowcolor>text_shadow</shadowcolor>
							<align>right</align>
							<label>[B]$INFO[System.Time][/B]</label>
						</control>
						
		</control> 

		

	</controls>
</window>
