{
    "USABC": {
        "sources": {
            "daddylive": {
                "name": "DaddyLive",
                "module": "DaddyLive",
                "channel": "51",
                "disabled": false
            }
        }
    },
    "USAE": {
        "sources": {
            "daddylive": {
                "name": "DaddyLive",
                "module": "DaddyLive",
                "channel": "302",
                "disabled": false
            }
        }
    },
    "USAMC": {
        "sources": {
            "daddylive": {
                "name": "DaddyLive",
                "module": "DaddyLive",
                "channel": "303",
                "disabled": false
            }
        }
    },
    "USAnimalPlanet": {
        "sources": {
            "daddylive": {
                "name": "DaddyLive",
                "module": "DaddyLive",
                "channel": "304",
                "disabled": false
            }
        }
    },
    "USBET": {
        "sources": {
            "daddylive": {
                "name": "DaddyLive",
                "module": "DaddyLive",
                "channel": "306",
                "disabled": false
            }
        }
    },
    "USBravo": {
        "sources": {
            "daddylive": {
                "name": "DaddyLive",
                "module": "DaddyLive",
                "channel": "307",
                "disabled": false
            }
        }
    },
    "USCBS": {
        "sources": {
            "daddylive": {
                "name": "DaddyLive",
                "module": "DaddyLive",
                "channel": "52",
                "disabled": false
            }
        }
    },
    "USCBSSportsNetwork": {
        "sources": {
            "daddylive": {
                "name": "DaddyLive",
                "module": "DaddyLive",
                "channel": "308",
                "disabled": false
            }
        }
    },
    "USCartoonNetwork": {
        "sources": {
            "daddylive": {
                "name": "DaddyLive",
                "module": "DaddyLive",
                "channel": "339",
                "disabled": false
            }
        }
    },
    "USCNBC": {
        "sources": {
            "daddylive": {
                "name": "DaddyLive",
                "module": "DaddyLive",
                "channel": "309",
                "disabled": false
            }
        }
    },
    "USCNN": {
        "sources": {
            "daddylive": {
                "name": "DaddyLive",
                "module": "DaddyLive",
                "channel": "345",
                "disabled": false
            }
        }
    },
    "USTheCW": {
        "sources": {
            "daddylive": {
                "name": "DaddyLive",
                "module": "DaddyLive",
                "channel": "300",
                "disabled": false
            }
        }
    },
    "USDiscovery": {
        "sources": {
            "daddylive": {
                "name": "DaddyLive",
                "module": "DaddyLive",
                "channel": "313",
                "disabled": false
            }
        }
    },
    "USDiscoveryLife": {
        "sources": {
            "daddylive": {
                "name": "DaddyLive",
                "module": "DaddyLive",
                "channel": "311",
                "disabled": false
            }
        }
    },
    "USDisney": {
        "sources": {
            "daddylive": {
                "name": "DaddyLive",
                "module": "DaddyLive",
                "channel": "312",
                "disabled": false
            }
        }
    },
    "USDisneyXD": {
        "sources": {
            "daddylive": {
                "name": "DaddyLive",
                "module": "DaddyLive",
                "channel": "314",
                "disabled": false
            }
        }
    },
    "USE": {
        "sources": {
            "daddylive": {
                "name": "DaddyLive",
                "module": "DaddyLive",
                "channel": "315",
                "disabled": false
            }
        }
    },
    "USESPN": {
        "sources": {
            "daddylive": {
                "name": "DaddyLive",
                "module": "DaddyLive",
                "channel": "44",
                "disabled": false
            }
        }
    },
    "USESPN2": {
        "sources": {
            "daddylive": {
                "name": "DaddyLive",
                "module": "DaddyLive",
                "channel": "45",
                "disabled": false
            }
        }
    },
    "USESPNU": {
        "sources": {
            "daddylive": {
                "name": "DaddyLive",
                "module": "DaddyLive",
                "channel": "316",
                "disabled": false
            }
        }
    },
    "USFOX": {
        "sources": {
            "daddylive": {
                "name": "DaddyLive",
                "module": "DaddyLive",
                "channel": "54",
                "disabled": false
            }
        }
    },
    "USFoxNews": {
        "sources": {
            "daddylive": {
                "name": "DaddyLive",
                "module": "DaddyLive",
                "channel": "347",
                "disabled": false
            }
        }
    },
    "USFreeform": {
        "sources": {
            "daddylive": {
                "name": "DaddyLive",
                "module": "DaddyLive",
                "channel": "301",
                "disabled": false
            }
        }
    },
    "USFoxSports1": {
        "sources": {
            "daddylive": {
                "name": "DaddyLive",
                "module": "DaddyLive",
                "channel": "39",
                "disabled": false
            }
        }
    },
    "USFX": {
        "sources": {
            "daddylive": {
                "name": "DaddyLive",
                "module": "DaddyLive",
                "channel": "317",
                "disabled": false
            }
        }
    },
    "USGolfChannel": {
        "sources": {
            "daddylive": {
                "name": "DaddyLive",
                "module": "DaddyLive",
                "channel": "318",
                "disabled": false
            }
        }
    },
    "USGameShowNetwork": {
        "sources": {
            "daddylive": {
                "name": "DaddyLive",
                "module": "DaddyLive",
                "channel": "319",
                "disabled": false
            }
        }
    },
    "USHallmarkChannel": {
        "sources": {
            "daddylive": {
                "name": "DaddyLive",
                "module": "DaddyLive",
                "channel": "320",
                "disabled": false
            }
        }
    },
    "USHBO": {
        "sources": {
            "daddylive": {
                "name": "DaddyLive",
                "module": "DaddyLive",
                "channel": "321",
                "disabled": false
            }
        }
    },
    "USHistory": {
        "sources": {
            "daddylive": {
                "name": "DaddyLive",
                "module": "DaddyLive",
                "channel": "322",
                "disabled": false
            }
        }
    },
    "USHLN": {
        "sources": {
            "daddylive": {
                "name": "DaddyLive",
                "module": "DaddyLive",
                "channel": "323",
                "disabled": false
            }
        }
    },
    "USInvestigationDiscovery": {
        "sources": {
            "daddylive": {
                "name": "DaddyLive",
                "module": "DaddyLive",
                "channel": "324",
                "disabled": false
            }
        }
    },
    "USIONNewYork": {
        "sources": {
            "daddylive": {
                "name": "DaddyLive",
                "module": "DaddyLive",
                "channel": "325",
                "disabled": false
            }
        }
    },
    "USLifetimeMovieNetwork": {
        "sources": {
            "daddylive": {
                "name": "DaddyLive",
                "module": "DaddyLive",
                "channel": "326",
                "disabled": false
            }
        }
    },
    "USMSNBC": {
        "sources": {
            "daddylive": {
                "name": "DaddyLive",
                "module": "DaddyLive",
                "channel": "327",
                "disabled": false
            }
        }
    },
    "USNationalGeographic": {
        "sources": {
            "daddylive": {
                "name": "DaddyLive",
                "module": "DaddyLive",
                "channel": "328",
                "disabled": false
            }
        }
    },
    "USNBC": {
        "sources": {
            "daddylive": {
                "name": "DaddyLive",
                "module": "DaddyLive",
                "channel": "53",
                "disabled": false
            }
        }
    },
    "USNickelodeon": {
        "sources": {
            "daddylive": {
                "name": "DaddyLive",
                "module": "DaddyLive",
                "channel": "330",
                "disabled": false
            }
        }
    },
    "USNickJunior": {
        "sources": {
            "daddylive": {
                "name": "DaddyLive",
                "module": "DaddyLive",
                "channel": "329",
                "disabled": false
            }
        }
    },
    "USOprahWinfreyNetwork": {
        "sources": {
            "daddylive": {
                "name": "DaddyLive",
                "module": "DaddyLive",
                "channel": "3231",
                "disabled": false
            }
        }
    },
    "USOxygen": {
        "sources": {
            "daddylive": {
                "name": "DaddyLive",
                "module": "DaddyLive",
                "channel": "332",
                "disabled": false
            }
        }
    },
    "USParamount": {
        "sources": {
            "daddylive": {
                "name": "DaddyLive",
                "module": "DaddyLive",
                "channel": "334",
                "disabled": false
            }
        }
    },
    "USShowtime": {
        "sources": {
            "daddylive": {
                "name": "DaddyLive",
                "module": "DaddyLive",
                "channel": "333",
                "disabled": false
            }
        }
    },
    "US5USAChannel": {
        "sources": {
            "daddylive": {
                "name": "DaddyLive",
                "module": "DaddyLive",
                "channel": "305",
                "disabled": false
            }
        }
    },
    "USStarZ": {
        "sources": {
            "daddylive": {
                "name": "DaddyLive",
                "module": "DaddyLive",
                "channel": "335",
                "disabled": false
            }
        }
    },
    "USTBS": {
        "sources": {
            "daddylive": {
                "name": "DaddyLive",
                "module": "DaddyLive",
                "channel": "336",
                "disabled": false
            }
        }
    },
    "USTelemundo": {
        "sources": {
            "daddylive": {
                "name": "DaddyLive",
                "module": "DaddyLive",
                "channel": "131",
                "disabled": false
            }
        }
    },
    "USTennisChannel": {
        "sources": {
            "daddylive": {
                "name": "DaddyLive",
                "module": "DaddyLive",
                "channel": "40",
                "disabled": false
            }
        }
    },
    "USTLC": {
        "sources": {
            "daddylive": {
                "name": "DaddyLive",
                "module": "DaddyLive",
                "channel": "337",
                "disabled": false
            }
        }
    },
    "USTNT": {
        "sources": {
            "daddylive": {
                "name": "DaddyLive",
                "module": "DaddyLive",
                "channel": "338",
                "disabled": false
            }
        }
    },
    "USTravelChannel": {
        "sources": {
            "daddylive": {
                "name": "DaddyLive",
                "module": "DaddyLive",
                "channel": "340",
                "disabled": false
            }
        }
    },
    "UStruTV": {
        "sources": {
            "daddylive": {
                "name": "DaddyLive",
                "module": "DaddyLive",
                "channel": "341",
                "disabled": false
            }
        }
    },
    "USTVLand": {
        "sources": {
            "daddylive": {
                "name": "DaddyLive",
                "module": "DaddyLive",
                "channel": "342",
                "disabled": false
            }
        }
    },
    "USUnivision": {
        "sources": {
            "daddylive": {
                "name": "DaddyLive",
                "module": "DaddyLive",
                "channel": "132",
                "disabled": false
            }
        }
    },
    "USUSANetwork": {
        "sources": {
            "daddylive": {
                "name": "DaddyLive",
                "module": "DaddyLive",
                "channel": "343",
                "disabled": false
            }
        }
    },
    "USVH1": {
        "sources": {
            "daddylive": {
                "name": "DaddyLive",
                "module": "DaddyLive",
                "channel": "344",
                "disabled": false
            }
        }
    }
}