{
    "USABC": {
        "name": "ABC",
        "logo": "abc_white.png",
        "tvg-id": "",
        "country": "US",
        "sources": {},
        "disabled": false
    },
    "USABC7NewYork": {
        "name": "ABC 7 New York",
        "logo": "abc_white.png",
        "tvg-id": "",
        "country": "US",
        "sources": {},
        "disabled": false
    },
    "USACCNetwork": {
        "name": "ACC Network",
        "logo": "-",
        "tvg-id": "",
        "country": "US",
        "sources": {},
        "disabled": false
    },
    "USAdultSwim": {
        "name": "Adult Swim",
        "logo": "-",
        "tvg-id": "",
        "country": "US",
        "sources": {},
        "disabled": false
    },
    "USAE": {
        "name": "AE",
        "logo": "ae_white.png",
        "tvg-id": "",
        "country": "US",
        "sources": {},
        "disabled": false
    },
    "USAHC": {
        "name": "AHC",
        "logo": "-",
        "tvg-id": "",
        "country": "US",
        "sources": {},
        "disabled": false
    },
    "USAMC": {
        "name": "AMC",
        "logo": "amc_white.png",
        "tvg-id": "",
        "country": "US",
        "sources": {},
        "disabled": false
    },
    "USAnimalPlanet": {
        "name": "Animal Planet",
        "logo": "animal_planet_white.png",
        "tvg-id": "",
        "country": "US",
        "sources": {},
        "disabled": false
    },
    "USBBCAmerica": {
        "name": "BBCAmerica",
        "logo": "bbc_america_white.png",
        "tvg-id": "",
        "country": "US",
        "sources": {},
        "disabled": false
    },
    "USBigTenNetwork": {
        "name": "Big Ten Network",
        "logo": "-",
        "tvg-id": "",
        "country": "US",
        "sources": {},
        "disabled": false
    },
    "USBET": {
        "name": "BET",
        "logo": "bet_white.png",
        "tvg-id": "",
        "country": "US",
        "sources": {},
        "disabled": false
    },
    "USBoomerang": {
        "name": "Boomerang",
        "logo": "boomerang_white.png",
        "tvg-id": "",
        "country": "US",
        "sources": {},
        "disabled": false
    },
    "USBravo": {
        "name": "Bravo",
        "logo": "bravo_white.png",
        "tvg-id": "",
        "country": "US",
        "sources": {},
        "disabled": false
    },
    "USBloomberg": {
        "name": "Bloomberg",
        "logo": "bloomberg_white.png",
        "tvg-id": "",
        "country": "US",
        "sources": {},
        "disabled": false
    },
    "USCSPAN": {
        "name": "C-span",
        "logo": "c-span_white.png",
        "tvg-id": "",
        "country": "US",
        "sources": {},
        "disabled": false
    },
    "USCSPAN2": {
        "name": "C-span 2",
        "logo": "c-span2_white.png",
        "tvg-id": "",
        "country": "US",
        "sources": {},
        "disabled": false
    },
    "USCSPAN3": {
        "name": "C-span 3",
        "logo": "c-span3_white.png",
        "tvg-id": "",
        "country": "US",
        "sources": {},
        "disabled": false
    },
    "USCBS": {
        "name": "CBS",
        "logo": "cbs_white.png",
        "tvg-id": "",
        "country": "US",
        "sources": {},
        "disabled": false
    },
    "USCBS2NewYork": {
        "name": "CBS 2 New York",
        "logo": "cbs_white.png",
        "tvg-id": "",
        "country": "US",
        "sources": {},
        "disabled": false
    },
    "USCBSNews": {
        "name": "CBS News",
        "logo": "cbs_white.png",
        "tvg-id": "",
        "country": "US",
        "sources": {},
        "disabled": false
    },
    "USCBSSportsNetwork": {
        "name": "CBS Sports Network",
        "logo": "cbs_sports_network_white.png",
        "tvg-id": "",
        "country": "US",
        "sources": {},
        "disabled": false
    },
    "USCinemax": {
        "name": "Cinemax",
        "logo": "-",
        "tvg-id": "",
        "country": "US",
        "sources": {},
        "disabled": false
    },
    "USCinemax5StarMax": {
        "name": "Cinemax 5 Star Max",
        "logo": "-",
        "tvg-id": "",
        "country": "US",
        "sources": {},
        "disabled": false
    },
    "USCinemaxAction": {
        "name": "Cinemax Action",
        "logo": "-",
        "tvg-id": "",
        "country": "US",
        "sources": {},
        "disabled": false
    },
    "USCMT": {
        "name": "CMT",
        "logo": "cmt_white.png",
        "tvg-id": "",
        "country": "US",
        "sources": {},
        "disabled": false
    },
    "USCartoonNetwork": {
        "name": "Cartoon Network",
        "logo": "cartoon_network_white.png",
        "tvg-id": "",
        "country": "US",
        "sources": {},
        "disabled": false
    },
    "USCNBC": {
        "name": "CNBC",
        "logo": "cnbc_white.png",
        "tvg-id": "",
        "country": "US",
        "sources": {},
        "disabled": false
    },
    "USCNN": {
        "name": "CNN",
        "logo": "cnn_usa_white.png",
        "tvg-id": "",
        "country": "US",
        "sources": {},
        "disabled": false
    },
    "USComedyCentral": {
        "name": "Comedy Central",
        "logo": "comedy_central_white.png",
        "tvg-id": "",
        "country": "US",
        "sources": {},
        "disabled": false
    },
    "USTheCW": {
        "name": "The CW",
        "logo": "-",
        "tvg-id": "",
        "country": "US",
        "sources": {},
        "disabled": false
    },
    "USCW11NewYork": {
        "name": "CW 11 New York",
        "logo": "-",
        "tvg-id": "",
        "country": "US",
        "sources": {},
        "disabled": false
    },
    "USDestinationAmerica": {
        "name": "Destination America",
        "logo": "-",
        "tvg-id": "",
        "country": "US",
        "sources": {},
        "disabled": false
    },
    "USDiscovery": {
        "name": "Discovery",
        "logo": "discovery_white.png",
        "tvg-id": "",
        "country": "US",
        "sources": {},
        "disabled": false
    },
    "USDiscoveryScience": {
        "name": "Discovery Science",
        "logo": "-",
        "tvg-id": "",
        "country": "US",
        "sources": {},
        "disabled": false
    },
    "USDiscoveryLife": {
        "name": "Discovery Life",
        "logo": "",
        "tvg-id": "",
        "country": "US",
        "sources": {},
        "disabled": false
    },
    "USDiscoveryVelocity": {
        "name": "Discovery Velocity",
        "logo": "",
        "tvg-id": "",
        "country": "US",
        "sources": {},
        "disabled": false
    },
    "USDisney": {
        "name": "Disney",
        "logo": "disney_channel_white.png",
        "tvg-id": "",
        "country": "US",
        "sources": {},
        "disabled": false
    },
    "USDisneyJunior": {
        "name": "Disney Junior",
        "logo": "-",
        "tvg-id": "",
        "country": "US",
        "sources": {},
        "disabled": false
    },
    "USDisneyXD": {
        "name": "DisneyXD",
        "logo": "-",
        "tvg-id": "",
        "country": "US",
        "sources": {},
        "disabled": false
    },
    "USE": {
        "name": "E!",
        "logo": "e_white.png",
        "tvg-id": "",
        "country": "US",
        "sources": {},
        "disabled": false
    },
    "USESPN": {
        "name": "ESPN",
        "logo": "espn_white.png",
        "tvg-id": "",
        "country": "US",
        "sources": {},
        "disabled": false
    },
    "USESPN2": {
        "name": "ESPN2",
        "logo": "espn2_white.png",
        "tvg-id": "",
        "country": "US",
        "sources": {},
        "disabled": false
    },
    "USESPNU": {
        "name": "ESPNU",
        "logo": "-",
        "tvg-id": "",
        "country": "US",
        "sources": {},
        "disabled": false
    },
    "USESPNews": {
        "name": "ESPNews",
        "logo": "espnews_white.png",
        "tvg-id": "",
        "country": "US",
        "sources": {},
        "disabled": false
    },
    "USESPNDeportes": {
        "name": "ESPN Deportes",
        "logo": "espn_deportes_white.png",
        "tvg-id": "",
        "country": "US",
        "sources": {},
        "disabled": false
    },
    "USFoodNetwork": {
        "name": "Food Network",
        "logo": "food_network_white.png",
        "tvg-id": "",
        "country": "US",
        "sources": {},
        "disabled": false
    },
    "USFOX": {
        "name": "FOX",
        "logo": "fox_white.png",
        "tvg-id": "",
        "country": "US",
        "sources": {},
        "disabled": false
    },
    "USFOX5NewYork": {
        "name": "FOX 5 New York",
        "logo": "fox_white.png",
        "tvg-id": "",
        "country": "US",
        "sources": {},
        "disabled": false
    },
    "USFoxBusiness": {
        "name": "Fox Business",
        "logo": "fox_business_white.png",
        "tvg-id": "",
        "country": "US",
        "sources": {},
        "disabled": false
    },
    "USFoxNews": {
        "name": "Fox News",
        "logo": "fox_news_white.png",
        "tvg-id": "",
        "country": "US",
        "sources": {},
        "disabled": false
    },
    "USFreeform": {
        "name": "Freeform",
        "logo": "-",
        "tvg-id": "",
        "country": "US",
        "sources": {},
        "disabled": false
    },
    "USFoxSports1": {
        "name": "Fox Sports 1",
        "logo": "fox_sports_white.png",
        "tvg-id": "",
        "country": "US",
        "sources": {},
        "disabled": false
    },
    "USFoxSports2": {
        "name": "Fox Sports 2",
        "logo": "fox_sports_white.png",
        "tvg-id": "",
        "country": "US",
        "sources": {},
        "disabled": false
    },
    "USFX": {
        "name": "FX",
        "logo": "-",
        "tvg-id": "",
        "country": "US",
        "sources": {},
        "disabled": false
    },
    "USFXMovieChannel": {
        "name": "FX Movie Channel",
        "logo": "-",
        "tvg-id": "",
        "country": "US",
        "sources": {},
        "disabled": false
    },
    "USFXX": {
        "name": "FXX",
        "logo": "-",
        "tvg-id": "",
        "country": "US",
        "sources": {},
        "disabled": false
    },
    "USGolfChannel": {
        "name": "Golf Channel",
        "logo": "-",
        "tvg-id": "",
        "country": "US",
        "sources": {},
        "disabled": false
    },
    "USGameShowNetwork": {
        "name": "Game Show Network",
        "logo": "-",
        "tvg-id": "",
        "country": "US",
        "sources": {},
        "disabled": false
    },
    "USHallmarkChannel": {
        "name": "Hallmark Channel",
        "logo": "hallmark_channel_white.png",
        "tvg-id": "",
        "country": "US",
        "sources": {},
        "disabled": false
    },
    "USHBO": {
        "name": "HBO",
        "logo": "hbo_white.png",
        "tvg-id": "",
        "country": "US",
        "sources": {},
        "disabled": false
    },
    "USHGTV": {
        "name": "HGTV",
        "logo": "hgtv_white.png",
        "tvg-id": "",
        "country": "US",
        "sources": {},
        "disabled": false
    },
    "USHistory": {
        "name": "History",
        "logo": "history_white.png",
        "tvg-id": "",
        "country": "US",
        "sources": {},
        "disabled": false
    },
    "USHLN": {
        "name": "HLN",
        "logo": "-",
        "tvg-id": "",
        "country": "US",
        "sources": {},
        "disabled": false
    },
    "USHallmarkMovies&Mysteries": {
        "name": "Hallmark Movies & Mysteries",
        "logo": "-",
        "tvg-id": "",
        "country": "US",
        "sources": {},
        "disabled": false
    },
    "USInvestigationDiscovery": {
        "name": "Investigation Discovery",
        "logo": "investigation_discovery_white.png",
        "tvg-id": "",
        "country": "US",
        "sources": {},
        "disabled": false
    },
    "USIONNewYork": {
        "name": "ION New York",
        "logo": "ion_tv_white.png",
        "tvg-id": "",
        "country": "US",
        "sources": {},
        "disabled": false
    },
    "USLifetime": {
        "name": "Lifetime",
        "logo": "lifetime_white.png",
        "tvg-id": "",
        "country": "US",
        "sources": {},
        "disabled": false
    },
    "USLifetimeMovieNetwork": {
        "name": "Lifetime Movie Network",
        "logo": "lifetime_white.png",
        "tvg-id": "",
        "country": "US",
        "sources": {},
        "disabled": false
    },
    "USLogoTV": {
        "name": "Logo TV",
        "logo": "-",
        "tvg-id": "",
        "country": "US",
        "sources": {},
        "disabled": false
    },
    "USMagnoliaNetwork": {
        "name": "Magnolia Network",
        "logo": "diy_network_white.png",
        "tvg-id": "",
        "country": "US",
        "sources": {},
        "disabled": false
    },
    "USMLBNetwork": {
        "name": "MLB Network",
        "logo": "-",
        "tvg-id": "",
        "country": "US",
        "sources": {},
        "disabled": false
    },
    "USMotorTrend": {
        "name": "Motor Trend",
        "logo": "-",
        "tvg-id": "",
        "country": "US",
        "sources": {},
        "disabled": false
    },
    "USMSNBC": {
        "name": "MSNBC",
        "logo": "msnbc_white.png",
        "tvg-id": "",
        "country": "US",
        "sources": {},
        "disabled": false
    },
    "USMTV": {
        "name": "MTV",
        "logo": "mtv_white.png",
        "tvg-id": "",
        "country": "US",
        "sources": {},
        "disabled": false
    },
    "USNasaTV": {
        "name": "NASA TV",
        "logo": "nasa_tv_white.png",
        "tvg-id": "",
        "country": "US",
        "sources": {},
        "disabled": false
    },
    "USNationalGeographic": {
        "name": "National Geographic",
        "logo": "national_geographic_channel_white.png",
        "tvg-id": "",
        "country": "US",
        "sources": {},
        "disabled": false
    },
    "USNatGeoWild": {
        "name": "Nat Geo Wild",
        "logo": "nat_geo_wild_white.png",
        "tvg-id": "",
        "country": "US",
        "sources": {},
        "disabled": false
    },
    "USNBATV": {
        "name": "NBA TV",
        "logo": "nba_tv_white.png",
        "tvg-id": "",
        "country": "US",
        "sources": {},
        "disabled": false
    },
    "USNBC": {
        "name": "NBC",
        "logo": "nbc_white.png",
        "tvg-id": "",
        "country": "US",
        "sources": {},
        "disabled": false
    },
    "USNBC4NewYork": {
        "name": "NBC 4 New York",
        "logo": "nbc_white.png",
        "tvg-id": "",
        "country": "US",
        "sources": {},
        "disabled": false
    },
    "USNBCSports": {
        "name": "NBC Sports",
        "logo": "nbc_white.png",
        "tvg-id": "",
        "country": "US",
        "sources": {},
        "disabled": false
    },
    "USNFLNetwork": {
        "name": "NFL Network",
        "logo": "-",
        "tvg-id": "",
        "country": "US",
        "sources": {},
        "disabled": false
    },
    "USNFLRedzone": {
        "name": "NFL Redzone",
        "logo": "-",
        "tvg-id": "",
        "country": "US",
        "sources": {},
        "disabled": false
    },
    "USNHLNetwork": {
        "name": "NHL Network",
        "logo": "-",
        "tvg-id": "",
        "country": "US",
        "sources": {},
        "disabled": false
    },
    "USNickelodeon": {
        "name": "Nickelodeon",
        "logo": "nickelodeon_white.png",
        "tvg-id": "",
        "country": "US",
        "sources": {},
        "disabled": false
    },
    "USNicktoons": {
        "name": "Nicktoons",
        "logo": "nicktoons_white.png",
        "tvg-id": "",
        "country": "US",
        "sources": {},
        "disabled": false
    },
    "USTeenNick": {
        "name": "Teen Nick",
        "logo": "teennick_white.png",
        "tvg-id": "",
        "country": "US",
        "sources": {},
        "disabled": false
    },
    "USNickJunior": {
        "name": "Nick Junior",
        "logo": "-",
        "tvg-id": "",
        "country": "US",
        "sources": {},
        "disabled": false
    },
    "USOneAmericaNewsNetwork": {
        "name": "One America News Network",
        "logo": "-",
        "tvg-id": "",
        "country": "US",
        "sources": {},
        "disabled": false
    },
    "USOprahWinfreyNetwork": {
        "name": "Oprah Winfrey Network (OWN)",
        "logo": "-",
        "tvg-id": "",
        "country": "US",
        "sources": {},
        "disabled": false
    },
    "USOlympicChannel": {
        "name": "Olympic Channel",
        "logo": "-",
        "tvg-id": "",
        "country": "US",
        "sources": {},
        "disabled": false
    },
    "USOxygen": {
        "name": "Oxygen",
        "logo": "-",
        "tvg-id": "",
        "country": "US",
        "sources": {},
        "disabled": false
    },
    "USParamount": {
        "name": "Paramount",
        "logo": "-",
        "tvg-id": "",
        "country": "US",
        "sources": {},
        "disabled": false
    },
    "USPBS": {
        "name": "PBS",
        "logo": "pbs_white.png",
        "tvg-id": "",
        "country": "US",
        "sources": {},
        "disabled": false
    },
    "USPOP": {
        "name": "POP",
        "logo": "-",
        "tvg-id": "",
        "country": "US",
        "sources": {},
        "disabled": false
    },
    "USReelzChannel": {
        "name": "Reelz Channel",
        "logo": "reelz_channel_white.png",
        "tvg-id": "",
        "country": "US",
        "sources": {},
        "disabled": false
    },
    "USPAC12Network": {
        "name": "PAC 12 Network",
        "logo": "",
        "tvg-id": "",
        "country": "US",
        "sources": {},
        "disabled": false
    },
    "USPAC12Arizona": {
        "name": "PAC 12 Arizona",
        "logo": "",
        "tvg-id": "",
        "country": "US",
        "sources": {},
        "disabled": false
    },
    "USPAC12BayArea": {
        "name": "PAC 12 Bay Area",
        "logo": "",
        "tvg-id": "",
        "country": "US",
        "sources": {},
        "disabled": false
    },
    "USPAC12LosAngeles": {
        "name": "PAC 12 Los Angeles",
        "logo": "",
        "tvg-id": "",
        "country": "US",
        "sources": {},
        "disabled": false
    },
    "USPAC12Mountain": {
        "name": "PAC 12 Mountain",
        "logo": "",
        "tvg-id": "",
        "country": "US",
        "sources": {},
        "disabled": false
    },
    "USPAC12Oregon": {
        "name": "PAC 12 Oregon",
        "logo": "",
        "tvg-id": "",
        "country": "US",
        "sources": {},
        "disabled": false
    },
    "USPAC12Washington": {
        "name": "PAC 12 Washington",
        "logo": "",
        "tvg-id": "",
        "country": "US",
        "sources": {},
        "disabled": false
    },
    "USSECNetwork": {
        "name": "SEC Network",
        "logo": "-",
        "tvg-id": "",
        "country": "US",
        "sources": {},
        "disabled": false
    },
    "USShowtime": {
        "name": "Showtime",
        "logo": "showtime_white.png",
        "tvg-id": "",
        "country": "US",
        "sources": {},
        "disabled": false
    },
    "USShowtime2": {
        "name": "Showtime 2",
        "logo": "showtime2_white.png",
        "tvg-id": "",
        "country": "US",
        "sources": {},
        "disabled": false
    },
    "USShowtimeShowcase": {
        "name": "Showtime Showcase",
        "logo": "showtime_showcase_white.png",
        "tvg-id": "",
        "country": "US",
        "sources": {},
        "disabled": false
    },
    "USShowtimeWest": {
        "name": "Showtime West",
        "logo": "-",
        "tvg-id": "",
        "country": "US",
        "sources": {},
        "disabled": false
    },
    "USSpike": {
        "name": "Spike",
        "logo": "spike_tv_white.png",
        "tvg-id": "",
        "country": "US",
        "sources": {},
        "disabled": false
    },
    "US5USAChannel": {
        "name": "5 USA Channel",
        "logo": "usa_network_white.png",
        "tvg-id": "",
        "country": "US",
        "sources": {},
        "disabled": false
    },
    "USStarZ": {
        "name": "StarZ",
        "logo": "starz_white.png",
        "tvg-id": "",
        "country": "US",
        "sources": {},
        "disabled": false
    },
    "USStarZCinema": {
        "name": "StarZ Cinema",
        "logo": "starz_cinema_white.png",
        "tvg-id": "",
        "country": "US",
        "sources": {},
        "disabled": false
    },
    "USStarZComedy": {
        "name": "StarZ Comedy",
        "logo": "starz_comedy_white.png",
        "tvg-id": "",
        "country": "US",
        "sources": {},
        "disabled": false
    },
    "USStarZWest": {
        "name": "StarZ West",
        "logo": "-",
        "tvg-id": "",
        "country": "US",
        "sources": {},
        "disabled": false
    },
    "USSundanceTV": {
        "name": "SundanceTV",
        "logo": "-",
        "tvg-id": "",
        "country": "US",
        "sources": {},
        "disabled": false
    },
    "USSYFY": {
        "name": "SYFY",
        "logo": "syfy_white.png",
        "tvg-id": "",
        "country": "US",
        "sources": {},
        "disabled": false
    },
    "USTBS": {
        "name": "TBS",
        "logo": "-",
        "tvg-id": "",
        "country": "US",
        "sources": {},
        "disabled": false
    },
    "USTurnerClassicMovies": {
        "name": "Turner Classic Movies",
        "logo": "tcm_white.png",
        "tvg-id": "",
        "country": "US",
        "sources": {},
        "disabled": false
    },
    "USTelemundo": {
        "name": "Telemundo",
        "logo": "telemundo_white.png",
        "tvg-id": "",
        "country": "US",
        "sources": {},
        "disabled": false
    },
    "USTennisChannel": {
        "name": "Tennis Channel",
        "logo": "-",
        "tvg-id": "",
        "country": "US",
        "sources": {},
        "disabled": false
    },
    "USTLC": {
        "name": "TLC",
        "logo": "-",
        "tvg-id": "",
        "country": "US",
        "sources": {},
        "disabled": false
    },
    "USTNT": {
        "name": "TNT",
        "logo": "tnt_white.png",
        "tvg-id": "",
        "country": "US",
        "sources": {},
        "disabled": false
    },
    "USTravelChannel": {
        "name": "Travel Channel",
        "logo": "travel_ch_white.png",
        "tvg-id": "",
        "country": "US",
        "sources": {},
        "disabled": false
    },
    "UStruTV": {
        "name": "truTV",
        "logo": "-",
        "tvg-id": "",
        "country": "US",
        "sources": {},
        "disabled": false
    },
    "USTVLand": {
        "name": "TV Land",
        "logo": "-",
        "tvg-id": "",
        "country": "US",
        "sources": {},
        "disabled": false
    },
    "USTheWeatherChannel": {
        "name": "The Weather Channel",
        "logo": "the_weather_channel_white.png",
        "tvg-id": "",
        "country": "US",
        "sources": {},
        "disabled": false
    },
    "USUnivision": {
        "name": "Univision",
        "logo": "-",
        "tvg-id": "",
        "country": "US",
        "sources": {},
        "disabled": false
    },
    "USUSANetwork": {
        "name": "USA Network",
        "logo": "usa_network_white.png",
        "tvg-id": "",
        "country": "US",
        "sources": {},
        "disabled": false
    },
    "USVH1": {
        "name": "VH1",
        "logo": "vh1_soul_white.png",
        "tvg-id": "",
        "country": "US",
        "sources": {},
        "disabled": false
    },
    "USLonghornNetwork": {
        "name": "Longhorn Network",
        "logo": "",
        "tvg-id": "",
        "country": "US",
        "sources": {},
        "disabled": false
    },
    "USVoiceOfAmerica": {
        "name": "Voice of America",
        "logo": "-",
        "tvg-id": "",
        "country": "US",
        "sources": {},
        "disabled": false
    },
    "USWeTV": {
        "name": "We TV",
        "logo": "we_white.png",
        "tvg-id": "",
        "country": "US",
        "sources": {},
        "disabled": false
    },
    "USWWENetwork": {
        "name": "WWE Network",
        "logo": "world_wrestling_entertainment_white.png",
        "tvg-id": "",
        "country": "US",
        "sources": {},
        "disabled": false
    },
    "USYESNetwork": {
        "name": "YES Network",
        "logo": "-",
        "tvg-id": "",
        "country": "US",
        "sources": {},
        "disabled": false
    },
    "USWeatherNation": {
        "name": "Weather Nation",
        "logo": "-",
        "tvg-id": "",
        "country": "US",
        "sources": {},
        "disabled": false
    }
}