{
    "USABC": {
        "sources": {
            "tv247": {
                "name": "tv247us.com",
                "module": "TV247",
                "channel": "abcus",
                "disabled": false
            }
        }
    },
    "USACCNetwork": {
        "sources": {
            "tv247": {
                "name": "tv247us.com",
                "module": "TV247",
                "channel": "acc",
                "disabled": false
            }
        }
    },
    "USAE": {
        "sources": {
            "tv247": {
                "name": "tv247us.com",
                "module": "TV247",
                "channel": "aeus",
                "disabled": false
            }
        }
    },
    "USAMC": {
        "sources": {
            "tv247": {
                "name": "tv247us.com",
                "module": "TV247",
                "channel": "amc",
                "disabled": false
            }
        }
    },
    "USAnimalPlanet": {
        "sources": {
            "tv247": {
                "name": "tv247us.com",
                "module": "TV247",
                "channel": "animalplanet",
                "disabled": false
            }
        }
    },
    "USBBCAmerica": {
        "sources": {
            "tv247": {
                "name": "tv247us.com",
                "module": "TV247",
                "channel": "bbca",
                "disabled": false
            }
        }
    },
    "USBigTenNetwork": {
        "sources": {
            "tv247": {
                "name": "tv247us.com",
                "module": "TV247",
                "channel": "btn",
                "disabled": false
            }
        }
    },
    "USBravo": {
        "sources": {
            "tv247": {
                "name": "tv247us.com",
                "module": "TV247",
                "channel": "bravo",
                "disabled": false
            }
        }
    },
    "USCBS": {
        "sources": {
            "tv247": {
                "name": "tv247us.com",
                "module": "TV247",
                "channel": "cbs",
                "disabled": false
            }
        }
    },
    "USCBSSportsNetwork": {
        "sources": {
            "tv247": {
                "name": "tv247us.com",
                "module": "TV247",
                "channel": "cbsnw",
                "disabled": false
            }
        }
    },
    "USCMT": {
        "sources": {
            "tv247": {
                "name": "tv247us.com",
                "module": "TV247",
                "channel": "cmt",
                "disabled": false
            }
        }
    },
    "USCartoonNetwork": {
        "sources": {
            "tv247": {
                "name": "tv247us.com",
                "module": "TV247",
                "channel": "cn",
                "disabled": false
            }
        }
    },
    "USCNBC": {
        "sources": {
            "tv247": {
                "name": "tv247us.com",
                "module": "TV247",
                "channel": "cnbc",
                "disabled": false
            }
        }
    },
    "USCNN": {
        "sources": {
            "tv247": {
                "name": "tv247us.com",
                "module": "TV247",
                "channel": "cnn",
                "disabled": false
            }
        }
    },
    "USTheCW": {
        "sources": {
            "tv247": {
                "name": "tv247us.com",
                "module": "TV247",
                "channel": "cw",
                "disabled": false
            }
        }
    },
    "USDiscovery": {
        "sources": {
            "tv247": {
                "name": "tv247us.com",
                "module": "TV247",
                "channel": "discovery",
                "disabled": false
            }
        }
    },
    "USDisney": {
        "sources": {
            "tv247": {
                "name": "tv247us.com",
                "module": "TV247",
                "channel": "disney",
                "disabled": false
            }
        }
    },
    "USDisneyJunior": {
        "sources": {
            "tv247": {
                "name": "tv247us.com",
                "module": "TV247",
                "channel": "disneyjunior",
                "disabled": false
            }
        }
    },
    "USDisneyXD": {
        "sources": {
            "tv247": {
                "name": "tv247us.com",
                "module": "TV247",
                "channel": "disneyxd",
                "disabled": false
            }
        }
    },
    "USESPN": {
        "sources": {
            "tv247": {
                "name": "tv247us.com",
                "module": "TV247",
                "channel": "espn1",
                "disabled": false
            }
        }
    },
    "USESPN2": {
        "sources": {
            "tv247": {
                "name": "tv247us.com",
                "module": "TV247",
                "channel": "espn2",
                "disabled": false
            }
        }
    },
    "USESPNU": {
        "sources": {
            "tv247": {
                "name": "tv247us.com",
                "module": "TV247",
                "channel": "espnu",
                "disabled": false
            }
        }
    },
    "USESPNews": {
        "sources": {
            "tv247": {
                "name": "tv247us.com",
                "module": "TV247",
                "channel": "espnews",
                "disabled": false
            }
        }
    },
    "USESPNDeportes": {
        "sources": {
            "tv247": {
                "name": "tv247us.com",
                "module": "TV247",
                "channel": "espndeportes",
                "disabled": false
            }
        }
    },
    "USFoodNetwork": {
        "sources": {
            "tv247": {
                "name": "tv247us.com",
                "module": "TV247",
                "channel": "footnw",
                "disabled": false
            }
        }
    },
    "USFOX": {
        "sources": {
            "tv247": {
                "name": "tv247us.com",
                "module": "TV247",
                "channel": "foxus",
                "disabled": false
            }
        }
    },
    "USFoxNews": {
        "sources": {
            "tv247": {
                "name": "tv247us.com",
                "module": "TV247",
                "channel": "fn",
                "disabled": false
            }
        }
    },
    "USFreeform": {
        "sources": {
            "tv247": {
                "name": "tv247us.com",
                "module": "TV247",
                "channel": "freeform",
                "disabled": false
            }
        }
    },
    "USFoxSports1": {
        "sources": {
            "tv247": {
                "name": "tv247us.com",
                "module": "TV247",
                "channel": "fs1",
                "disabled": false
            }
        }
    },
    "USFoxSports2": {
        "sources": {
            "tv247": {
                "name": "tv247us.com",
                "module": "TV247",
                "channel": "fs2",
                "disabled": false
            }
        }
    },
    "USFXX": {
        "sources": {
            "tv247": {
                "name": "tv247us.com",
                "module": "TV247",
                "channel": "fxx",
                "disabled": false
            }
        }
    },
    "USHallmarkChannel": {
        "sources": {
            "tv247": {
                "name": "tv247us.com",
                "module": "TV247",
                "channel": "hallmark",
                "disabled": false
            }
        }
    },
    "USHBO": {
        "sources": {
            "tv247": {
                "name": "tv247us.com",
                "module": "TV247",
                "channel": "hbo",
                "disabled": false
            }
        }
    },
    "USHGTV": {
        "sources": {
            "tv247": {
                "name": "tv247us.com",
                "module": "TV247",
                "channel": "hgtv",
                "disabled": false
            }
        }
    },
    "USHistory": {
        "sources": {
            "tv247": {
                "name": "tv247us.com",
                "module": "TV247",
                "channel": "history",
                "disabled": false
            }
        }
    },
    "USHallmarkMovies&Mysteries": {
        "sources": {
            "tv247": {
                "name": "tv247us.com",
                "module": "TV247",
                "channel": "hallmarkmm",
                "disabled": false
            }
        }
    },
    "USMLBNetwork": {
        "sources": {
            "tv247": {
                "name": "tv247us.com",
                "module": "TV247",
                "channel": "mlb",
                "disabled": false
            }
        }
    },
    "USMSNBC": {
        "sources": {
            "tv247": {
                "name": "tv247us.com",
                "module": "TV247",
                "channel": "msnbc",
                "disabled": false
            }
        }
    },
    "USMTV": {
        "sources": {
            "tv247": {
                "name": "tv247us.com",
                "module": "TV247",
                "channel": "mtv",
                "disabled": false
            }
        }
    },
    "USNationalGeographic": {
        "sources": {
            "tv247": {
                "name": "tv247us.com",
                "module": "TV247",
                "channel": "nat",
                "disabled": false
            }
        }
    },
    "USNBATV": {
        "sources": {
            "tv247": {
                "name": "tv247us.com",
                "module": "TV247",
                "channel": "nba",
                "disabled": false
            }
        }
    },
    "USNBC": {
        "sources": {
            "tv247": {
                "name": "tv247us.com",
                "module": "TV247",
                "channel": "nbc",
                "disabled": false
            }
        }
    },
    "USNFLNetwork": {
        "sources": {
            "tv247": {
                "name": "tv247us.com",
                "module": "TV247",
                "channel": "nfl",
                "disabled": false
            }
        }
    },
    "USNFLRedzone": {
        "sources": {
            "tv247": {
                "name": "tv247us.com",
                "module": "TV247",
                "channel": "redzone",
                "disabled": false
            }
        }
    },
    "USNHLNetwork": {
        "sources": {
            "tv247": {
                "name": "tv247us.com",
                "module": "TV247",
                "channel": "nhl",
                "disabled": false
            }
        }
    },
    "USNickelodeon": {
        "sources": {
            "tv247": {
                "name": "tv247us.com",
                "module": "TV247",
                "channel": "nickelodeon",
                "disabled": false
            }
        }
    },
    "USNicktoons": {
        "sources": {
            "tv247": {
                "name": "tv247us.com",
                "module": "TV247",
                "channel": "nnicktoons",
                "disabled": false
            }
        }
    },
    "USOxygen": {
        "sources": {
            "tv247": {
                "name": "tv247us.com",
                "module": "TV247",
                "channel": "oxygen",
                "disabled": false
            }
        }
    },
    "USSECNetwork": {
        "sources": {
            "tv247": {
                "name": "tv247us.com",
                "module": "TV247",
                "channel": "sec",
                "disabled": false
            }
        }
    },
    "USShowtime": {
        "sources": {
            "tv247": {
                "name": "tv247us.com",
                "module": "TV247",
                "channel": "showtime",
                "disabled": false
            }
        }
    },
    "USSYFY": {
        "sources": {
            "tv247": {
                "name": "tv247us.com",
                "module": "TV247",
                "channel": "syfy",
                "disabled": false
            }
        }
    },
    "USTBS": {
        "sources": {
            "tv247": {
                "name": "tv247us.com",
                "module": "TV247",
                "channel": "tbs",
                "disabled": false
            }
        }
    },
    "USTLC": {
        "sources": {
            "tv247": {
                "name": "tv247us.com",
                "module": "TV247",
                "channel": "tlc",
                "disabled": false
            }
        }
    },
    "USTNT": {
        "sources": {
            "tv247": {
                "name": "tv247us.com",
                "module": "TV247",
                "channel": "tnt",
                "disabled": false
            }
        }
    },
    "USTravelChannel": {
        "sources": {
            "tv247": {
                "name": "tv247us.com",
                "module": "TV247",
                "channel": "travel",
                "disabled": false
            }
        }
    },
    "USUSANetwork": {
        "sources": {
            "tv247": {
                "name": "tv247us.com",
                "module": "TV247",
                "channel": "usanw",
                "disabled": false
            }
        }
    },
    "USVH1": {
        "sources": {
            "tv247": {
                "name": "tv247us.com",
                "module": "TV247",
                "channel": "vh1",
                "disabled": false
            }
        }
    },
    "USLonghornNetwork": {
        "sources": {
            "tv247": {
                "name": "tv247us.com",
                "module": "TV247",
                "channel": "lhn",
                "disabled": false
            }
        }
    }
}