{
    "USABC": {
        "sources": {
            "uktvnow": {
                "name": "uktvnow",
                "module": "UKTVNow",
                "channel": "23",
                "disabled": false
            }
        }
    },
    "USABC7NewYork": {
        "sources": {
            "uktvnow": {
                "name": "uktvnow",
                "module": "UKTVNow",
                "channel": "491",
                "disabled": false
            }
        }
    },
    "USAE": {
        "sources": {
            "uktvnow": {
                "name": "uktvnow",
                "module": "UKTVNow",
                "channel": "22",
                "disabled": false
            }
        }
    },
    "USAMC": {
        "sources": {
            "uktvnow": {
                "name": "uktvnow",
                "module": "UKTVNow",
                "channel": "28",
                "disabled": false
            }
        }
    },
    "USAnimalPlanet": {
        "sources": {
            "uktvnow": {
                "name": "uktvnow",
                "module": "UKTVNow",
                "channel": "31",
                "disabled": false
            }
        }
    },
    "USBBCAmerica": {
        "sources": {
            "uktvnow": {
                "name": "uktvnow",
                "module": "UKTVNow",
                "channel": "478",
                "disabled": false
            }
        }
    },
    "USBET": {
        "sources": {
            "uktvnow": {
                "name": "uktvnow",
                "module": "UKTVNow",
                "channel": "425",
                "disabled": false
            }
        }
    },
    "USBoomerang": {
        "sources": {
            "uktvnow": {
                "name": "uktvnow",
                "module": "UKTVNow",
                "channel": "635",
                "disabled": false
            }
        }
    },
    "USBravo": {
        "sources": {
            "uktvnow": {
                "name": "uktvnow",
                "module": "UKTVNow",
                "channel": "56",
                "disabled": false
            }
        }
    },
    "USBloomberg": {
        "sources": {
            "uktvnow": {
                "name": "uktvnow",
                "module": "UKTVNow",
                "channel": "493",
                "disabled": false
            }
        }
    },
    "USCBS": {
        "sources": {
            "uktvnow": {
                "name": "uktvnow",
                "module": "UKTVNow",
                "channel": "64",
                "disabled": false
            }
        }
    },
    "USCBSNews": {
        "sources": {
            "uktvnow": {
                "name": "uktvnow",
                "module": "UKTVNow",
                "channel": "492",
                "disabled": false
            }
        }
    },
    "USCBSSportsNetwork": {
        "sources": {
            "uktvnow": {
                "name": "uktvnow",
                "module": "UKTVNow",
                "channel": "416",
                "disabled": false
            }
        }
    },
    "USCinemax": {
        "sources": {
            "uktvnow": {
                "name": "uktvnow",
                "module": "UKTVNow",
                "channel": "467",
                "disabled": false
            }
        }
    },
    "USCinemax5StarMax": {
        "sources": {
            "uktvnow": {
                "name": "uktvnow",
                "module": "UKTVNow",
                "channel": "470",
                "disabled": false
            }
        }
    },
    "USCinemaxAction": {
        "sources": {
            "uktvnow": {
                "name": "uktvnow",
                "module": "UKTVNow",
                "channel": "468",
                "disabled": false
            }
        }
    },
    "USCartoonNetwork": {
        "sources": {
            "uktvnow": {
                "name": "uktvnow",
                "module": "UKTVNow",
                "channel": "63",
                "disabled": false
            }
        }
    },
    "USCNBC": {
        "sources": {
            "uktvnow": {
                "name": "uktvnow",
                "module": "UKTVNow",
                "channel": "79",
                "disabled": false
            }
        }
    },
    "USCNN": {
        "sources": {
            "uktvnow": {
                "name": "uktvnow",
                "module": "UKTVNow",
                "channel": "82",
                "disabled": false
            }
        }
    },
    "USComedyCentral": {
        "sources": {
            "uktvnow": {
                "name": "uktvnow",
                "module": "UKTVNow",
                "channel": "85",
                "disabled": false
            }
        }
    },
    "USTheCW": {
        "sources": {
            "uktvnow": {
                "name": "uktvnow",
                "module": "UKTVNow",
                "channel": "87",
                "disabled": false
            }
        }
    },
    "USDestinationAmerica": {
        "sources": {
            "uktvnow": {
                "name": "uktvnow",
                "module": "UKTVNow",
                "channel": "638",
                "disabled": false
            }
        }
    },
    "USDiscovery": {
        "sources": {
            "uktvnow": {
                "name": "uktvnow",
                "module": "UKTVNow",
                "channel": "94",
                "disabled": false
            }
        }
    },
    "USDiscoveryScience": {
        "sources": {
            "uktvnow": {
                "name": "uktvnow",
                "module": "UKTVNow",
                "channel": "488",
                "disabled": false
            }
        }
    },
    "USDiscoveryVelocity": {
        "sources": {
            "uktvnow": {
                "name": "uktvnow",
                "module": "UKTVNow",
                "channel": "697",
                "disabled": false
            }
        }
    },
    "USDisney": {
        "sources": {
            "uktvnow": {
                "name": "uktvnow",
                "module": "UKTVNow",
                "channel": "490",
                "disabled": false
            }
        }
    },
    "USDisneyXD": {
        "sources": {
            "uktvnow": {
                "name": "uktvnow",
                "module": "UKTVNow",
                "channel": "755",
                "disabled": false
            }
        }
    },
    "USESPN": {
        "sources": {
            "uktvnow": {
                "name": "uktvnow",
                "module": "UKTVNow",
                "channel": "101",
                "disabled": false
            }
        }
    },
    "USESPN2": {
        "sources": {
            "uktvnow": {
                "name": "uktvnow",
                "module": "UKTVNow",
                "channel": "104",
                "disabled": false
            }
        }
    },
    "USESPNU": {
        "sources": {
            "uktvnow": {
                "name": "uktvnow",
                "module": "UKTVNow",
                "channel": "414",
                "disabled": false
            }
        }
    },
    "USESPNews": {
        "sources": {
            "uktvnow": {
                "name": "uktvnow",
                "module": "UKTVNow",
                "channel": "106",
                "disabled": false
            }
        }
    },
    "USFoodNetwork": {
        "sources": {
            "uktvnow": {
                "name": "uktvnow",
                "module": "UKTVNow",
                "channel": "116",
                "disabled": false
            }
        }
    },
    "USFOX": {
        "sources": {
            "uktvnow": {
                "name": "uktvnow",
                "module": "UKTVNow",
                "channel": "117",
                "disabled": false
            }
        }
    },
    "USFoxNews": {
        "sources": {
            "uktvnow": {
                "name": "uktvnow",
                "module": "UKTVNow",
                "channel": "119",
                "disabled": false
            }
        }
    },
    "USFreeform": {
        "sources": {
            "uktvnow": {
                "name": "uktvnow",
                "module": "UKTVNow",
                "channel": "675",
                "disabled": false
            }
        }
    },
    "USFoxSports1": {
        "sources": {
            "uktvnow": {
                "name": "uktvnow",
                "module": "UKTVNow",
                "channel": "120",
                "disabled": false
            }
        }
    },
    "USFoxSports2": {
        "sources": {
            "uktvnow": {
                "name": "uktvnow",
                "module": "UKTVNow",
                "channel": "121",
                "disabled": false
            }
        }
    },
    "USFX": {
        "sources": {
            "uktvnow": {
                "name": "uktvnow",
                "module": "UKTVNow",
                "channel": "123",
                "disabled": false
            }
        }
    },
    "USFXX": {
        "sources": {
            "uktvnow": {
                "name": "uktvnow",
                "module": "UKTVNow",
                "channel": "603",
                "disabled": false
            }
        }
    },
    "USGolfChannel": {
        "sources": {
            "uktvnow": {
                "name": "uktvnow",
                "module": "UKTVNow",
                "channel": "125",
                "disabled": false
            }
        }
    },
    "USHallmarkChannel": {
        "sources": {
            "uktvnow": {
                "name": "uktvnow",
                "module": "UKTVNow",
                "channel": "479",
                "disabled": false
            }
        }
    },
    "USHBO": {
        "sources": {
            "uktvnow": {
                "name": "uktvnow",
                "module": "UKTVNow",
                "channel": "128",
                "disabled": false
            }
        }
    },
    "USHGTV": {
        "sources": {
            "uktvnow": {
                "name": "uktvnow",
                "module": "UKTVNow",
                "channel": "130",
                "disabled": false
            }
        }
    },
    "USHistory": {
        "sources": {
            "uktvnow": {
                "name": "uktvnow",
                "module": "UKTVNow",
                "channel": "133",
                "disabled": false
            }
        }
    },
    "USInvestigationDiscovery": {
        "sources": {
            "uktvnow": {
                "name": "uktvnow",
                "module": "UKTVNow",
                "channel": "606",
                "disabled": false
            }
        }
    },
    "USLifetime": {
        "sources": {
            "uktvnow": {
                "name": "uktvnow",
                "module": "UKTVNow",
                "channel": "146",
                "disabled": false
            }
        }
    },
    "USMLBNetwork": {
        "sources": {
            "uktvnow": {
                "name": "uktvnow",
                "module": "UKTVNow",
                "channel": "148",
                "disabled": false
            }
        }
    },
    "USMSNBC": {
        "sources": {
            "uktvnow": {
                "name": "uktvnow",
                "module": "UKTVNow",
                "channel": "424",
                "disabled": false
            }
        }
    },
    "USNationalGeographic": {
        "sources": {
            "uktvnow": {
                "name": "uktvnow",
                "module": "UKTVNow",
                "channel": "158",
                "disabled": false
            }
        }
    },
    "USNatGeoWild": {
        "sources": {
            "uktvnow": {
                "name": "uktvnow",
                "module": "UKTVNow",
                "channel": "486",
                "disabled": false
            }
        }
    },
    "USNBATV": {
        "sources": {
            "uktvnow": {
                "name": "uktvnow",
                "module": "UKTVNow",
                "channel": "159",
                "disabled": false
            }
        }
    },
    "USNBC": {
        "sources": {
            "uktvnow": {
                "name": "uktvnow",
                "module": "UKTVNow",
                "channel": "160",
                "disabled": false
            }
        }
    },
    "USNBCSports": {
        "sources": {
            "uktvnow": {
                "name": "uktvnow",
                "module": "UKTVNow",
                "channel": "162",
                "disabled": false
            }
        }
    },
    "USNFLNetwork": {
        "sources": {
            "uktvnow": {
                "name": "uktvnow",
                "module": "UKTVNow",
                "channel": "164",
                "disabled": false
            }
        }
    },
    "USNHLNetwork": {
        "sources": {
            "uktvnow": {
                "name": "uktvnow",
                "module": "UKTVNow",
                "channel": "494",
                "disabled": false
            }
        }
    },
    "USNickelodeon": {
        "sources": {
            "uktvnow": {
                "name": "uktvnow",
                "module": "UKTVNow",
                "channel": "167",
                "disabled": false
            }
        }
    },
    "USNicktoons": {
        "sources": {
            "uktvnow": {
                "name": "uktvnow",
                "module": "UKTVNow",
                "channel": "489",
                "disabled": false
            }
        }
    },
    "USOprahWinfreyNetwork": {
        "sources": {
            "uktvnow": {
                "name": "uktvnow",
                "module": "UKTVNow",
                "channel": "639",
                "disabled": false
            }
        }
    },
    "USParamount": {
        "sources": {
            "uktvnow": {
                "name": "uktvnow",
                "module": "UKTVNow",
                "channel": "677",
                "disabled": false
            }
        }
    },
    "USPBS": {
        "sources": {
            "uktvnow": {
                "name": "uktvnow",
                "module": "UKTVNow",
                "channel": "169",
                "disabled": false
            }
        }
    },
    "USShowtime": {
        "sources": {
            "uktvnow": {
                "name": "uktvnow",
                "module": "UKTVNow",
                "channel": "472",
                "disabled": false
            }
        }
    },
    "USShowtime2": {
        "sources": {
            "uktvnow": {
                "name": "uktvnow",
                "module": "UKTVNow",
                "channel": "473",
                "disabled": false
            }
        }
    },
    "USShowtimeShowcase": {
        "sources": {
            "uktvnow": {
                "name": "uktvnow",
                "module": "UKTVNow",
                "channel": "475",
                "disabled": false
            }
        }
    },
    "USStarZ": {
        "sources": {
            "uktvnow": {
                "name": "uktvnow",
                "module": "UKTVNow",
                "channel": "602",
                "disabled": false
            }
        }
    },
    "USStarZCinema": {
        "sources": {
            "uktvnow": {
                "name": "uktvnow",
                "module": "UKTVNow",
                "channel": "482",
                "disabled": false
            }
        }
    },
    "USStarZComedy": {
        "sources": {
            "uktvnow": {
                "name": "uktvnow",
                "module": "UKTVNow",
                "channel": "483",
                "disabled": false
            }
        }
    },
    "USSundanceTV": {
        "sources": {
            "uktvnow": {
                "name": "uktvnow",
                "module": "UKTVNow",
                "channel": "676",
                "disabled": false
            }
        }
    },
    "USSYFY": {
        "sources": {
            "uktvnow": {
                "name": "uktvnow",
                "module": "UKTVNow",
                "channel": "221",
                "disabled": false
            }
        }
    },
    "USTBS": {
        "sources": {
            "uktvnow": {
                "name": "uktvnow",
                "module": "UKTVNow",
                "channel": "222",
                "disabled": false
            }
        }
    },
    "USTennisChannel": {
        "sources": {
            "uktvnow": {
                "name": "uktvnow",
                "module": "UKTVNow",
                "channel": "306",
                "disabled": false
            }
        }
    },
    "USTLC": {
        "sources": {
            "uktvnow": {
                "name": "uktvnow",
                "module": "UKTVNow",
                "channel": "307",
                "disabled": false
            }
        }
    },
    "USTNT": {
        "sources": {
            "uktvnow": {
                "name": "uktvnow",
                "module": "UKTVNow",
                "channel": "228",
                "disabled": false
            }
        }
    },
    "USTravelChannel": {
        "sources": {
            "uktvnow": {
                "name": "uktvnow",
                "module": "UKTVNow",
                "channel": "786",
                "disabled": false
            }
        }
    },
    "USUSANetwork": {
        "sources": {
            "uktvnow": {
                "name": "uktvnow",
                "module": "UKTVNow",
                "channel": "238",
                "disabled": false
            }
        }
    },
    "USVH1": {
        "sources": {
            "uktvnow": {
                "name": "uktvnow",
                "module": "UKTVNow",
                "channel": "607",
                "disabled": false
            }
        }
    },
    "USWWENetwork": {
        "sources": {
            "uktvnow": {
                "name": "uktvnow",
                "module": "UKTVNow",
                "channel": "241",
                "disabled": false
            }
        }
    }
}