<?xml version="1.0" encoding="UTF-8" standalone="yes"?>
<addon id="my.skin.thebawks" name="TheBawks" version="1.1.3" provider-name="SabtDev">
    <extension point="xbmc.addon.repository" name="Example Repository">
        <dir>
            <info compressed="false">https://raw.githubusercontent.com/abod323/thebawks/master/repo/zips/addons.xml</info>
            <checksum>https://raw.githubusercontent.com/abod323/thebawks/master/repo/zips/addons.xml.md5</checksum>
            <datadir zip="true">https://raw.githubusercontent.com/abod323/thebawks/master/repo/zips/</datadir>
        </dir>
    </extension>
    <extension point="xbmc.addon.metadata">
        <summary>TheBawks</summary>
        <description>DESCRIPTION OF YOUR REPO HERE</description>
        <disclaimer></disclaimer>
        <platform>all</platform>
        <assets>
            <icon>icon.png</icon>
            <fanart>fanart.jpg</fanart>
        </assets>
    </extension>
</addon>