{
    "USABC": {
        "sources": {
            "ustvgo": {
                "name": "ustvgo.tv",
                "module": "USTVGO",
                "channel": "ABC",
                "disabled": false
            }
        }
    },
    "USABC7NewYork": {
        "sources": {
            "ustvgo": {
                "name": "ustvgo.tv",
                "module": "USTVGO",
                "channel": "ABCNY",
                "disabled": false
            }
        }
    },
    "USACCNetwork": {
        "sources": {
            "ustvgo": {
                "name": "ustvgo.tv",
                "module": "USTVGO",
                "channel": "ACCN",
                "disabled": false
            }
        }
    },
    "USAE": {
        "sources": {
            "ustvgo": {
                "name": "ustvgo.tv",
                "module": "USTVGO",
                "channel": "AE",
                "disabled": false
            }
        }
    },
    "USAMC": {
        "sources": {
            "ustvgo": {
                "name": "ustvgo.tv",
                "module": "USTVGO",
                "channel": "AMC",
                "disabled": false
            }
        }
    },
    "USAnimalPlanet": {
        "sources": {
            "ustvgo": {
                "name": "ustvgo.tv",
                "module": "USTVGO",
                "channel": "Animal",
                "disabled": false
            }
        }
    },
    "USBBCAmerica": {
        "sources": {
            "ustvgo": {
                "name": "ustvgo.tv",
                "module": "USTVGO",
                "channel": "BBCAmerica",
                "disabled": false
            }
        }
    },
    "USBigTenNetwork": {
        "sources": {
            "ustvgo": {
                "name": "ustvgo.tv",
                "module": "USTVGO",
                "channel": "BTN",
                "disabled": false
            }
        }
    },
    "USBET": {
        "sources": {
            "ustvgo": {
                "name": "ustvgo.tv",
                "module": "USTVGO",
                "channel": "BET",
                "disabled": false
            }
        }
    },
    "USBoomerang": {
        "sources": {
            "ustvgo": {
                "name": "ustvgo.tv",
                "module": "USTVGO",
                "channel": "Boomerang",
                "disabled": false
            }
        }
    },
    "USBravo": {
        "sources": {
            "ustvgo": {
                "name": "ustvgo.tv",
                "module": "USTVGO",
                "channel": "Bravo",
                "disabled": false
            }
        }
    },
    "USCSPAN": {
        "sources": {
            "ustvgo": {
                "name": "ustvgo.tv",
                "module": "USTVGO",
                "channel": "CSPAN",
                "disabled": false
            }
        }
    },
    "USCBS": {
        "sources": {
            "ustvgo": {
                "name": "ustvgo.tv",
                "module": "USTVGO",
                "channel": "CBS",
                "disabled": false
            }
        }
    },
    "USCBS2NewYork": {
        "sources": {
            "ustvgo": {
                "name": "ustvgo.tv",
                "module": "USTVGO",
                "channel": "CBSNY",
                "disabled": false
            }
        }
    },
    "USCBSSportsNetwork": {
        "sources": {
            "ustvgo": {
                "name": "ustvgo.tv",
                "module": "USTVGO",
                "channel": "CBSSN",
                "disabled": false
            }
        }
    },
    "USCinemax": {
        "sources": {
            "ustvgo": {
                "name": "ustvgo.tv",
                "module": "USTVGO",
                "channel": "Cinemax",
                "disabled": false
            }
        }
    },
    "USCMT": {
        "sources": {
            "ustvgo": {
                "name": "ustvgo.tv",
                "module": "USTVGO",
                "channel": "CMT",
                "disabled": false
            }
        }
    },
    "USCartoonNetwork": {
        "sources": {
            "ustvgo": {
                "name": "ustvgo.tv",
                "module": "USTVGO",
                "channel": "CN",
                "disabled": false
            }
        }
    },
    "USCNBC": {
        "sources": {
            "ustvgo": {
                "name": "ustvgo.tv",
                "module": "USTVGO",
                "channel": "CNBC",
                "disabled": false
            }
        }
    },
    "USCNN": {
        "sources": {
            "ustvgo": {
                "name": "ustvgo.tv",
                "module": "USTVGO",
                "channel": "CNN",
                "disabled": false
            }
        }
    },
    "USComedyCentral": {
        "sources": {
            "ustvgo": {
                "name": "ustvgo.tv",
                "module": "USTVGO",
                "channel": "Comedy",
                "disabled": false
            }
        }
    },
    "USTheCW": {
        "sources": {
            "ustvgo": {
                "name": "ustvgo.tv",
                "module": "USTVGO",
                "channel": "CW",
                "disabled": false
            }
        }
    },
    "USCW11NewYork": {
        "sources": {
            "ustvgo": {
                "name": "ustvgo.tv",
                "module": "USTVGO",
                "channel": "CWNY",
                "disabled": false
            }
        }
    },
    "USDestinationAmerica": {
        "sources": {
            "ustvgo": {
                "name": "ustvgo.tv",
                "module": "USTVGO",
                "channel": "DA",
                "disabled": false
            }
        }
    },
    "USDiscovery": {
        "sources": {
            "ustvgo": {
                "name": "ustvgo.tv",
                "module": "USTVGO",
                "channel": "Discovery",
                "disabled": false
            }
        }
    },
    "USDiscoveryScience": {
        "sources": {
            "ustvgo": {
                "name": "ustvgo.tv",
                "module": "USTVGO",
                "channel": "Science",
                "disabled": false
            }
        }
    },
    "USDisney": {
        "sources": {
            "ustvgo": {
                "name": "ustvgo.tv",
                "module": "USTVGO",
                "channel": "Disney",
                "disabled": false
            }
        }
    },
    "USDisneyJunior": {
        "sources": {
            "ustvgo": {
                "name": "ustvgo.tv",
                "module": "USTVGO",
                "channel": "DisneyJr",
                "disabled": false
            }
        }
    },
    "USDisneyXD": {
        "sources": {
            "ustvgo": {
                "name": "ustvgo.tv",
                "module": "USTVGO",
                "channel": "DisneyXD",
                "disabled": false
            }
        }
    },
    "USE": {
        "sources": {
            "ustvgo": {
                "name": "ustvgo.tv",
                "module": "USTVGO",
                "channel": "E",
                "disabled": false
            }
        }
    },
    "USESPN": {
        "sources": {
            "ustvgo": {
                "name": "ustvgo.tv",
                "module": "USTVGO",
                "channel": "ESPN",
                "disabled": false
            }
        }
    },
    "USESPN2": {
        "sources": {
            "ustvgo": {
                "name": "ustvgo.tv",
                "module": "USTVGO",
                "channel": "ESPN2",
                "disabled": false
            }
        }
    },
    "USESPNU": {
        "sources": {
            "ustvgo": {
                "name": "ustvgo.tv",
                "module": "USTVGO",
                "channel": "ESPNU",
                "disabled": false
            }
        }
    },
    "USESPNews": {
        "sources": {
            "ustvgo": {
                "name": "ustvgo.tv",
                "module": "USTVGO",
                "channel": "ESPNews",
                "disabled": false
            }
        }
    },
    "USFoodNetwork": {
        "sources": {
            "ustvgo": {
                "name": "ustvgo.tv",
                "module": "USTVGO",
                "channel": "FoodNetwork",
                "disabled": false
            }
        }
    },
    "USFOX": {
        "sources": {
            "ustvgo": {
                "name": "ustvgo.tv",
                "module": "USTVGO",
                "channel": "FOX",
                "disabled": false
            }
        }
    },
    "USFOX5NewYork": {
        "sources": {
            "ustvgo": {
                "name": "ustvgo.tv",
                "module": "USTVGO",
                "channel": "FOXNY",
                "disabled": false
            }
        }
    },
    "USFoxBusiness": {
        "sources": {
            "ustvgo": {
                "name": "ustvgo.tv",
                "module": "USTVGO",
                "channel": "FoxBusiness",
                "disabled": false
            }
        }
    },
    "USFoxNews": {
        "sources": {
            "ustvgo": {
                "name": "ustvgo.tv",
                "module": "USTVGO",
                "channel": "FoxNews",
                "disabled": false
            }
        }
    },
    "USFreeform": {
        "sources": {
            "ustvgo": {
                "name": "ustvgo.tv",
                "module": "USTVGO",
                "channel": "Freeform",
                "disabled": false
            }
        }
    },
    "USFoxSports1": {
        "sources": {
            "ustvgo": {
                "name": "ustvgo.tv",
                "module": "USTVGO",
                "channel": "FS1",
                "disabled": false
            }
        }
    },
    "USFoxSports2": {
        "sources": {
            "ustvgo": {
                "name": "ustvgo.tv",
                "module": "USTVGO",
                "channel": "FS2",
                "disabled": false
            }
        }
    },
    "USFX": {
        "sources": {
            "ustvgo": {
                "name": "ustvgo.tv",
                "module": "USTVGO",
                "channel": "FX",
                "disabled": false
            }
        }
    },
    "USFXMovieChannel": {
        "sources": {
            "ustvgo": {
                "name": "ustvgo.tv",
                "module": "USTVGO",
                "channel": "FXMovie",
                "disabled": false
            }
        }
    },
    "USFXX": {
        "sources": {
            "ustvgo": {
                "name": "ustvgo.tv",
                "module": "USTVGO",
                "channel": "FXX",
                "disabled": false
            }
        }
    },
    "USGolfChannel": {
        "sources": {
            "ustvgo": {
                "name": "ustvgo.tv",
                "module": "USTVGO",
                "channel": "GOLF",
                "disabled": false
            }
        }
    },
    "USGameShowNetwork": {
        "sources": {
            "ustvgo": {
                "name": "ustvgo.tv",
                "module": "USTVGO",
                "channel": "GSN",
                "disabled": false
            }
        }
    },
    "USHallmarkChannel": {
        "sources": {
            "ustvgo": {
                "name": "ustvgo.tv",
                "module": "USTVGO",
                "channel": "Hallmark",
                "disabled": false
            }
        }
    },
    "USHBO": {
        "sources": {
            "ustvgo": {
                "name": "ustvgo.tv",
                "module": "USTVGO",
                "channel": "HBO",
                "disabled": false
            }
        }
    },
    "USHGTV": {
        "sources": {
            "ustvgo": {
                "name": "ustvgo.tv",
                "module": "USTVGO",
                "channel": "HGTV",
                "disabled": false
            }
        }
    },
    "USHistory": {
        "sources": {
            "ustvgo": {
                "name": "ustvgo.tv",
                "module": "USTVGO",
                "channel": "History",
                "disabled": false
            }
        }
    },
    "USHLN": {
        "sources": {
            "ustvgo": {
                "name": "ustvgo.tv",
                "module": "USTVGO",
                "channel": "HLN",
                "disabled": false
            }
        }
    },
    "USHallmarkMovies&Mysteries": {
        "sources": {
            "ustvgo": {
                "name": "ustvgo.tv",
                "module": "USTVGO",
                "channel": "HMM",
                "disabled": false
            }
        }
    },
    "USInvestigationDiscovery": {
        "sources": {
            "ustvgo": {
                "name": "ustvgo.tv",
                "module": "USTVGO",
                "channel": "ID",
                "disabled": false
            }
        }
    },
    "USIONNewYork": {
        "sources": {
            "ustvgo": {
                "name": "ustvgo.tv",
                "module": "USTVGO",
                "channel": "IONNY",
                "disabled": false
            }
        }
    },
    "USLifetime": {
        "sources": {
            "ustvgo": {
                "name": "ustvgo.tv",
                "module": "USTVGO",
                "channel": "Lifetime",
                "disabled": false
            }
        }
    },
    "USLifetimeMovieNetwork": {
        "sources": {
            "ustvgo": {
                "name": "ustvgo.tv",
                "module": "USTVGO",
                "channel": "LifetimeM",
                "disabled": false
            }
        }
    },
    "USMagnoliaNetwork": {
        "sources": {
            "ustvgo": {
                "name": "ustvgo.tv",
                "module": "USTVGO",
                "channel": "DIY",
                "disabled": false
            }
        }
    },
    "USMLBNetwork": {
        "sources": {
            "ustvgo": {
                "name": "ustvgo.tv",
                "module": "USTVGO",
                "channel": "MLB",
                "disabled": false
            }
        }
    },
    "USMotorTrend": {
        "sources": {
            "ustvgo": {
                "name": "ustvgo.tv",
                "module": "USTVGO",
                "channel": "MotorTrend",
                "disabled": false
            }
        }
    },
    "USMSNBC": {
        "sources": {
            "ustvgo": {
                "name": "ustvgo.tv",
                "module": "USTVGO",
                "channel": "MSNBC",
                "disabled": false
            }
        }
    },
    "USMTV": {
        "sources": {
            "ustvgo": {
                "name": "ustvgo.tv",
                "module": "USTVGO",
                "channel": "MTV",
                "disabled": false
            }
        }
    },
    "USNationalGeographic": {
        "sources": {
            "ustvgo": {
                "name": "ustvgo.tv",
                "module": "USTVGO",
                "channel": "NatGEO",
                "disabled": false
            }
        }
    },
    "USNatGeoWild": {
        "sources": {
            "ustvgo": {
                "name": "ustvgo.tv",
                "module": "USTVGO",
                "channel": "NatGEOWild",
                "disabled": false
            }
        }
    },
    "USNBATV": {
        "sources": {
            "ustvgo": {
                "name": "ustvgo.tv",
                "module": "USTVGO",
                "channel": "NBA",
                "disabled": false
            }
        }
    },
    "USNBC": {
        "sources": {
            "ustvgo": {
                "name": "ustvgo.tv",
                "module": "USTVGO",
                "channel": "NBC",
                "disabled": false
            }
        }
    },
    "USNBC4NewYork": {
        "sources": {
            "ustvgo": {
                "name": "ustvgo.tv",
                "module": "USTVGO",
                "channel": "NBCNY",
                "disabled": false
            }
        }
    },
    "USNBCSports": {
        "sources": {
            "ustvgo": {
                "name": "ustvgo.tv",
                "module": "USTVGO",
                "channel": "NBCSN",
                "disabled": false
            }
        }
    },
    "USNFLNetwork": {
        "sources": {
            "ustvgo": {
                "name": "ustvgo.tv",
                "module": "USTVGO",
                "channel": "NFL",
                "disabled": false
            }
        }
    },
    "USNFLRedzone": {
        "sources": {
            "ustvgo": {
                "name": "ustvgo.tv",
                "module": "USTVGO",
                "channel": "NFLRZ",
                "disabled": false
            }
        }
    },
    "USNickelodeon": {
        "sources": {
            "ustvgo": {
                "name": "ustvgo.tv",
                "module": "USTVGO",
                "channel": "Nickelodeon",
                "disabled": false
            }
        }
    },
    "USNicktoons": {
        "sources": {
            "ustvgo": {
                "name": "ustvgo.tv",
                "module": "USTVGO",
                "channel": "Nicktoons",
                "disabled": false
            }
        }
    },
    "USOneAmericaNewsNetwork": {
        "sources": {
            "ustvgo": {
                "name": "ustvgo.tv",
                "module": "USTVGO",
                "channel": "OAN",
                "disabled": false
            }
        }
    },
    "USOprahWinfreyNetwork": {
        "sources": {
            "ustvgo": {
                "name": "ustvgo.tv",
                "module": "USTVGO",
                "channel": "OWN",
                "disabled": false
            }
        }
    },
    "USOlympicChannel": {
        "sources": {
            "ustvgo": {
                "name": "ustvgo.tv",
                "module": "USTVGO",
                "channel": "OLY",
                "disabled": false
            }
        }
    },
    "USOxygen": {
        "sources": {
            "ustvgo": {
                "name": "ustvgo.tv",
                "module": "USTVGO",
                "channel": "Oxygen",
                "disabled": false
            }
        }
    },
    "USParamount": {
        "sources": {
            "ustvgo": {
                "name": "ustvgo.tv",
                "module": "USTVGO",
                "channel": "Paramount",
                "disabled": false
            }
        }
    },
    "USPBS": {
        "sources": {
            "ustvgo": {
                "name": "ustvgo.tv",
                "module": "USTVGO",
                "channel": "PBS",
                "disabled": false
            }
        }
    },
    "USPOP": {
        "sources": {
            "ustvgo": {
                "name": "ustvgo.tv",
                "module": "USTVGO",
                "channel": "POP",
                "disabled": false
            }
        }
    },
    "USSECNetwork": {
        "sources": {
            "ustvgo": {
                "name": "ustvgo.tv",
                "module": "USTVGO",
                "channel": "SECN",
                "disabled": false
            }
        }
    },
    "USShowtime": {
        "sources": {
            "ustvgo": {
                "name": "ustvgo.tv",
                "module": "USTVGO",
                "channel": "Showtime",
                "disabled": false
            }
        }
    },
    "USStarZ": {
        "sources": {
            "ustvgo": {
                "name": "ustvgo.tv",
                "module": "USTVGO",
                "channel": "StarZ",
                "disabled": false
            }
        }
    },
    "USSundanceTV": {
        "sources": {
            "ustvgo": {
                "name": "ustvgo.tv",
                "module": "USTVGO",
                "channel": "SundanceTV",
                "disabled": false
            }
        }
    },
    "USSYFY": {
        "sources": {
            "ustvgo": {
                "name": "ustvgo.tv",
                "module": "USTVGO",
                "channel": "SYFY",
                "disabled": false
            }
        }
    },
    "USReelzChannel": {
        "sources": {
            "ustvgo": {
                "name": "ustvgo.tv",
                "module": "USTVGO",
                "channel": "Reelz",
                "disabled": false
            }
        }
    },
    "USTeenNick": {
        "sources": {
            "ustvgo": {
                "name": "ustvgo.tv",
                "module": "USTVGO",
                "channel": "TeenNick",
                "disabled": false
            }
        }
    },
    "USTBS": {
        "sources": {
            "ustvgo": {
                "name": "ustvgo.tv",
                "module": "USTVGO",
                "channel": "TBS",
                "disabled": false
            }
        }
    },
    "USTurnerClassicMovies": {
        "sources": {
            "ustvgo": {
                "name": "ustvgo.tv",
                "module": "USTVGO",
                "channel": "TCM",
                "disabled": false
            }
        }
    },
    "USTelemundo": {
        "sources": {
            "ustvgo": {
                "name": "ustvgo.tv",
                "module": "USTVGO",
                "channel": "Telemundo",
                "disabled": false
            }
        }
    },
    "USTennisChannel": {
        "sources": {
            "ustvgo": {
                "name": "ustvgo.tv",
                "module": "USTVGO",
                "channel": "Tennis",
                "disabled": false
            }
        }
    },
    "USTLC": {
        "sources": {
            "ustvgo": {
                "name": "ustvgo.tv",
                "module": "USTVGO",
                "channel": "TLC",
                "disabled": false
            }
        }
    },
    "USTNT": {
        "sources": {
            "ustvgo": {
                "name": "ustvgo.tv",
                "module": "USTVGO",
                "channel": "TNT",
                "disabled": false
            }
        }
    },
    "USTravelChannel": {
        "sources": {
            "ustvgo": {
                "name": "ustvgo.tv",
                "module": "USTVGO",
                "channel": "Travel",
                "disabled": false
            }
        }
    },
    "UStruTV": {
        "sources": {
            "ustvgo": {
                "name": "ustvgo.tv",
                "module": "USTVGO",
                "channel": "TruTV",
                "disabled": false
            }
        }
    },
    "USTVLand": {
        "sources": {
            "ustvgo": {
                "name": "ustvgo.tv",
                "module": "USTVGO",
                "channel": "TVLand",
                "disabled": false
            }
        }
    },
    "USTheWeatherChannel": {
        "sources": {
            "ustvgo": {
                "name": "ustvgo.tv",
                "module": "USTVGO",
                "channel": "TWC",
                "disabled": false
            }
        }
    },
    "USUnivision": {
        "sources": {
            "ustvgo": {
                "name": "ustvgo.tv",
                "module": "USTVGO",
                "channel": "Univision",
                "disabled": false
            }
        }
    },
    "USUSANetwork": {
        "sources": {
            "ustvgo": {
                "name": "ustvgo.tv",
                "module": "USTVGO",
                "channel": "USANetwork",
                "disabled": false
            }
        }
    },
    "USVH1": {
        "sources": {
            "ustvgo": {
                "name": "ustvgo.tv",
                "module": "USTVGO",
                "channel": "VH1",
                "disabled": false
            }
        }
    },
    "USWeTV": {
        "sources": {
            "ustvgo": {
                "name": "ustvgo.tv",
                "module": "USTVGO",
                "channel": "WETV",
                "disabled": false
            }
        }
    },
    "USWWENetwork": {
        "sources": {
            "ustvgo": {
                "name": "ustvgo.tv",
                "module": "USTVGO",
                "channel": "WWE",
                "disabled": false
            }
        }
    },
    "USYESNetwork": {
        "sources": {
            "ustvgo": {
                "name": "ustvgo.tv",
                "module": "USTVGO",
                "channel": "YES",
                "disabled": false
            }
        }
    }
}